epoch,step,train/loss_epoch,train/loss_step,val/error_h,val/error_u,val/error_v,val/loss,val/loss_best
0,0,,,0.7595211267471313,0.870216965675354,1.4238237142562866,1.451696515083313,1.451696515083313
0,0,0.6946628093719482,,,,,,
1,1,,,0.8805844187736511,0.9441730380058289,1.1160656213760376,1.4406030178070068,1.4406030178070068
1,1,0.5049928426742554,,,,,,
2,2,,,0.8546086549758911,0.8951464891433716,0.9792544841766357,1.2729301452636719,1.2729301452636719
2,2,0.42244115471839905,,,,,,
3,3,,,0.764607846736908,0.8586204648017883,1.0250604152679443,1.1523010730743408,1.1523010730743408
3,3,0.39493077993392944,,,,,,
4,4,,,0.7726579308509827,0.9218542575836182,1.0618120431900024,1.2413957118988037,1.1523010730743408
4,4,0.35790273547172546,,,,,,
5,5,,,0.7639713287353516,0.9206385612487793,1.027208685874939,1.2077207565307617,1.1523010730743408
5,5,0.38352489471435547,,,,,,
6,6,,,0.7561740875244141,0.8877328038215637,1.0152298212051392,1.1612467765808105,1.1523010730743408
6,6,0.30724021792411804,,,,,,
7,7,,,0.760994017124176,0.8710148930549622,1.0216261148452759,1.1564216613769531,1.1523010730743408
7,7,0.3173324763774872,,,,,,
8,8,,,0.764006495475769,0.8664158582687378,1.0168800354003906,1.1531946659088135,1.1523010730743408
8,8,0.36575451493263245,,,,,,
9,9,,,0.7615625858306885,0.8685269355773926,1.0015326738357544,1.142655372619629,1.142655372619629
9,9,0.36045169830322266,,,,,,
10,10,,,0.7575403451919556,0.8766787052154541,0.9881042838096619,1.136752724647522,1.136752724647522
10,10,0.317044734954834,,,,,,
11,11,,,0.7559389472007751,0.8851672410964966,0.9807423949241638,1.137861728668213,1.136752724647522
11,11,0.2833414375782013,,,,,,
12,12,,,0.7560163736343384,0.8821506500244141,0.9741962552070618,1.1314305067062378,1.1314305067062378
12,12,0.2822226881980896,,,,,,
13,13,,,0.7597969174385071,0.868981122970581,0.9672713875770569,1.1204783916473389,1.1204783916473389
13,13,0.2900620400905609,,,,,,
14,14,,,0.7707781195640564,0.8582491278648376,0.968701183795929,1.1255449056625366,1.1204783916473389
14,14,0.2866849899291992,,,,,,
15,15,,,0.7829239964485168,0.8540962338447571,0.9870994687080383,1.147998332977295,1.1204783916473389
15,15,0.2820550799369812,,,,,,
16,16,,,0.7872617840766907,0.8533031344413757,1.0189772844314575,1.172133207321167,1.1204783916473389
16,16,0.2818753719329834,,,,,,
17,17,,,0.7843219041824341,0.8534484505653381,1.0483546257019043,1.1869466304779053,1.1204783916473389
17,17,0.2840390205383301,,,,,,
18,18,,,0.7807941436767578,0.8539121150970459,1.0583388805389404,1.1892911195755005,1.1204783916473389
18,18,0.28546056151390076,,,,,,
19,19,,,0.7803770899772644,0.854134202003479,1.0439587831497192,1.1798068284988403,1.1204783916473389
19,19,0.28300556540489197,,,,,,
20,20,,,0.7820401787757874,0.8538675904273987,1.0153818130493164,1.163843035697937,1.1204783916473389
20,20,0.2761790156364441,,,,,,
21,21,,,0.7823789715766907,0.8535370230674744,0.988515317440033,1.1476877927780151,1.1204783916473389
21,21,0.26991182565689087,,,,,,
22,22,,,0.7794559001922607,0.8536376953125,0.972511887550354,1.1346205472946167,1.1204783916473389
22,22,0.2694043517112732,,,,,,
23,23,,,0.7746474742889404,0.8545265197753906,0.9664652347564697,1.1258482933044434,1.1204783916473389
23,23,0.2736259400844574,,,,,,
24,24,,,0.7703434824943542,0.8562315106391907,0.9658961296081543,1.1216464042663574,1.1204783916473389
24,24,0.2770271897315979,,,,,,
25,25,,,0.7678602933883667,0.8579002618789673,0.9687464833259583,1.1216825246810913,1.1204783916473389
25,25,0.2756921947002411,,,,,,
26,26,,,0.7674750089645386,0.8582384586334229,0.9749041795730591,1.1251213550567627,1.1204783916473389
26,26,0.2702952027320862,,,,,,
27,27,,,0.7688587307929993,0.8569453358650208,0.9830403327941895,1.1305418014526367,1.1204783916473389
27,27,0.26441022753715515,,,,,,
28,28,,,0.7710224390029907,0.8550490736961365,0.9900604486465454,1.1357861757278442,1.1204783916473389
28,28,0.26129043102264404,,,,,,
29,29,,,0.7722994685173035,0.8537535667419434,0.9932036995887756,1.1381491422653198,1.1204783916473389
29,29,0.2616760730743408,,,,,,
30,30,,,0.7710868716239929,0.8537294268608093,0.9917986392974854,1.1357872486114502,1.1204783916473389
30,30,0.2636461555957794,,,,,,
31,31,,,0.7671008706092834,0.8555122017860413,0.9872264862060547,1.129658579826355,1.1204783916473389
31,31,0.2645168602466583,,,,,,
32,32,,,0.7618885636329651,0.8594407439231873,0.9817185401916504,1.1233500242233276,1.1204783916473389
32,32,0.2633037567138672,,,,,,
33,33,,,0.7576790452003479,0.8643056154251099,0.9771462082862854,1.1196911334991455,1.1196911334991455
33,33,0.26148462295532227,,,,,,
34,34,,,0.7556362748146057,0.8670037388801575,0.9744348526000977,1.117938756942749,1.117938756942749
34,34,0.2609373927116394,,,,,,
35,35,,,0.7556566596031189,0.8655489683151245,0.9736076593399048,1.116222620010376,1.116222620010376
35,35,0.26120489835739136,,,,,,
36,36,,,0.7572085857391357,0.8616058230400085,0.9742650389671326,1.1151021718978882,1.1151021718978882
36,36,0.26060688495635986,,,,,,
37,37,,,0.7592817544937134,0.8581687211990356,0.9761260151863098,1.1157770156860352,1.1151021718978882
37,37,0.2593534588813782,,,,,,
38,38,,,0.7605451345443726,0.85661780834198,0.9789362549781799,1.1176540851593018,1.1151021718978882
38,38,0.2585778832435608,,,,,,
39,39,,,0.7604555487632751,0.8567057847976685,0.9817973375320435,1.1193182468414307,1.1151021718978882
39,39,0.2584993839263916,,,,,,
40,40,,,0.7596685886383057,0.8573879599571228,0.9831393957138062,1.1197409629821777,1.1151021718978882
40,40,0.2587178349494934,,,,,,
41,41,,,0.7591875195503235,0.8574060797691345,0.9819364547729492,1.1184563636779785,1.1151021718978882
41,41,0.25855889916419983,,,,,,
42,42,,,0.7594670057296753,0.8562228083610535,0.9788420796394348,1.1159508228302002,1.1151021718978882
42,42,0.2574731707572937,,,,,,
43,43,,,0.7602222561836243,0.8544682264328003,0.9756186008453369,1.1134692430496216,1.1134692430496216
43,43,0.2559523582458496,,,,,,
44,44,,,0.7607735991477966,0.8531534671783447,0.9736396670341492,1.1118559837341309,1.1118559837341309
44,44,0.2551790773868561,,,,,,
45,45,,,0.7606263160705566,0.8528003096580505,0.973486065864563,1.1112867593765259,1.1112867593765259
45,45,0.25533950328826904,,,,,,
46,46,,,0.7598747611045837,0.8532453179359436,0.9754851460456848,1.1119296550750732,1.1112867593765259
46,46,0.2554471790790558,,,,,,
47,47,,,0.7591586112976074,0.8537135124206543,0.979515016078949,1.1138418912887573,1.1112867593765259
47,47,0.25491106510162354,,,,,,
48,48,,,0.7592089176177979,0.8532775044441223,0.984265148639679,1.1163569688796997,1.1112867593765259
48,48,0.2541288733482361,,,,,,
49,49,,0.25357162952423096,,,,,
49,49,,,0.7602527141571045,0.8517829775810242,0.987680971622467,1.118397831916809,1.1112867593765259
49,49,0.25357162952423096,,,,,,
50,50,,,0.7616537809371948,0.8500515818595886,0.9884886741638184,1.1191216707229614,1.1112867593765259
50,50,0.25327572226524353,,,,,,
51,51,,,0.7622063755989075,0.8489972949028015,0.986918032169342,1.1179653406143188,1.1112867593765259
51,51,0.25306475162506104,,,,,,
52,52,,,0.7611395120620728,0.8489934802055359,0.9840782284736633,1.114967703819275,1.1112867593765259
52,52,0.2526726722717285,,,,,,
53,53,,,0.758886456489563,0.849858820438385,0.9810522198677063,1.111158847808838,1.111158847808838
53,53,0.2520157992839813,,,,,,
54,54,,,0.7566877603530884,0.8508277535438538,0.9785193204879761,1.1078099012374878,1.1078099012374878
54,54,0.2513951361179352,,,,,,
55,55,,,0.7555466890335083,0.8509019613265991,0.9768412709236145,1.105499029159546,1.105499029159546
55,55,0.25101906061172485,,,,,,
56,56,,,0.7556286454200745,0.8498332500457764,0.9762216210365295,1.1043281555175781,1.1043281555175781
56,56,0.2506340444087982,,,,,,
57,57,,,0.7562913298606873,0.8483799695968628,0.9767381548881531,1.1042078733444214,1.1042078733444214
57,57,0.2500559091567993,,,,,,
58,58,,,0.7565158605575562,0.8474167585372925,0.9782800078392029,1.104580044746399,1.1042078733444214
58,58,0.2494717836380005,,,,,,
59,59,,,0.7556537985801697,0.8472855091094971,0.9804045557975769,1.1046863794326782,1.1042078733444214
59,59,0.2489835023880005,,,,,,
60,60,,,0.7539258599281311,0.8477934002876282,0.9822459816932678,1.1041220426559448,1.1041220426559448
60,60,0.24850428104400635,,,,,,
61,61,,,0.7521093487739563,0.8483583331108093,0.9828641414642334,1.1027778387069702,1.1027778387069702
61,61,0.24799244105815887,,,,,,
62,62,,,0.7507842183113098,0.8484054207801819,0.9819825291633606,1.1007000207901,1.1007000207901
62,62,0.2474290430545807,,,,,,
63,63,,,0.7499438524246216,0.8478936553001404,0.9802817702293396,1.0982491970062256,1.0982491970062256
63,63,0.2468215674161911,,,,,,
64,64,,,0.749199628829956,0.8472681045532227,0.9788022637367249,1.0959521532058716,1.0959521532058716
64,64,0.24628692865371704,,,,,,
65,65,,,0.7482636570930481,0.8468964099884033,0.9781975150108337,1.0941596031188965,1.0941596031188965
65,65,0.24584853649139404,,,,,,
66,66,,,0.7472482323646545,0.8466842174530029,0.9785377979278564,1.0929677486419678,1.0929677486419678
66,66,0.24533767998218536,,,,,,
67,67,,,0.7465279698371887,0.8461825251579285,0.9794566035270691,1.0922293663024902,1.0922293663024902
67,67,0.24467733502388,,,,,,
68,68,,,0.7463386654853821,0.8450877070426941,0.9803685545921326,1.0916237831115723,1.0916237831115723
68,68,0.24398787319660187,,,,,,
69,69,,,0.7464790940284729,0.843629777431488,0.980800211429596,1.0908236503601074,1.0908236503601074
69,69,0.24338141083717346,,,,,,
70,70,,,0.7463796138763428,0.8423569798469543,0.9806565642356873,1.0895527601242065,1.0895527601242065
70,70,0.24284148216247559,,,,,,
71,71,,,0.7455600500106812,0.8416439890861511,0.980167806148529,1.0876874923706055,1.0876874923706055
71,71,0.2422657608985901,,,,,,
72,72,,,0.7440762519836426,0.8414508104324341,0.9796419143676758,1.0854456424713135,1.0854456424713135
72,72,0.24159833788871765,,,,,,
73,73,,,0.7424654960632324,0.841356635093689,0.97929847240448,1.0832476615905762,1.0832476615905762
73,73,0.24090351164340973,,,,,,
74,74,,,0.741256058216095,0.8408642411231995,0.9792639017105103,1.0813801288604736,1.0813801288604736
74,74,0.24025112390518188,,,,,,
75,75,,,0.740550696849823,0.8398590683937073,0.9796196222305298,1.079914927482605,1.079914927482605
75,75,0.2396213412284851,,,,,,
76,76,,,0.7400158643722534,0.8386800289154053,0.9803775548934937,1.0787473917007446,1.0787473917007446
76,76,0.23897168040275574,,,,,,
77,77,,,0.7392446994781494,0.8376997709274292,0.981376051902771,1.077610731124878,1.077610731124878
77,77,0.23828700184822083,,,,,,
78,78,,,0.7381448149681091,0.8369737863540649,0.9822338819503784,1.0762163400650024,1.0762163400650024
78,78,0.2375868856906891,,,,,,
79,79,,,0.7369433641433716,0.8362793326377869,0.9825165271759033,1.0743889808654785,1.0743889808654785
79,79,0.23690855503082275,,,,,,
80,80,,,0.7358422875404358,0.8354238867759705,0.9820634126663208,1.0721112489700317,1.0721112489700317
80,80,0.2362280786037445,,,,,,
81,81,,,0.7347644567489624,0.8344801664352417,0.9811495542526245,1.069516658782959,1.069516658782959
81,81,0.23550854623317719,,,,,,
82,82,,,0.733475387096405,0.8336701393127441,0.9802707433700562,1.0668091773986816,1.0668091773986816
82,82,0.2347702533006668,,,,,,
83,83,,,0.7319106459617615,0.8330777287483215,0.979793131351471,1.064200520515442,1.064200520515442
83,83,0.23403140902519226,,,,,,
84,84,,,0.7302914261817932,0.8325297832489014,0.9797912836074829,1.0618517398834229,1.0618517398834229
84,84,0.23329851031303406,,,,,,
85,85,,,0.7288915514945984,0.831767737865448,0.9801177382469177,1.0597808361053467,1.0597808361053467
85,85,0.23255746066570282,,,,,,
86,86,,,0.7277431488037109,0.8307462334632874,0.9805601239204407,1.0578608512878418,1.0578608512878418
86,86,0.23177655041217804,,,,,,
87,87,,,0.7266007661819458,0.8296859264373779,0.980952799320221,1.0558898448944092,1.0558898448944092
87,87,0.23097370564937592,,,,,,
88,88,,,0.7252033352851868,0.8288230895996094,0.9811953902244568,1.0536994934082031,1.0536994934082031
88,88,0.23016810417175293,,,,,,
89,89,,,0.7235396504402161,0.8281790018081665,0.9812297821044922,1.051261305809021,1.051261305809021
89,89,0.22934693098068237,,,,,,
90,90,,,0.7218282222747803,0.8275721669197083,0.9810466170310974,1.04867422580719,1.04867422580719
90,90,0.22849291563034058,,,,,,
91,91,,,0.7202743887901306,0.8268255591392517,0.9807234406471252,1.046075701713562,1.046075701713562
91,91,0.22759465873241425,,,,,,
92,92,,,0.718898355960846,0.8259319067001343,0.9804169535636902,1.0435752868652344,1.0435752868652344
92,92,0.22667090594768524,,,,,,
93,93,,,0.7175966501235962,0.8250066041946411,0.9802730679512024,1.0412344932556152,1.0412344932556152
93,93,0.22571250796318054,,,,,,
94,94,,,0.7162993550300598,0.8241227865219116,0.9803277254104614,1.039054274559021,1.039054274559021
94,94,0.22469758987426758,,,,,,
95,95,,,0.7150207757949829,0.8232529163360596,0.9804878234863281,1.0369728803634644,1.0369728803634644
95,95,0.22362524271011353,,,,,,
96,96,,,0.7137795090675354,0.8223642110824585,0.9806060194969177,1.0348973274230957,1.0348973274230957
96,96,0.2225015014410019,,,,,,
97,97,,,0.7125149369239807,0.8215058445930481,0.9805957674980164,1.0327467918395996,1.0327467918395996
97,97,0.22132280468940735,,,,,,
98,98,,,0.7111237049102783,0.8207700848579407,0.9804841876029968,1.030495524406433,1.030495524406433
98,98,0.220062717795372,,,,,,
99,99,,0.21872611343860626,,,,,
99,99,,,0.7095868587493896,0.8201810717582703,0.9803483486175537,1.0281877517700195,1.0281877517700195
99,99,0.21872611343860626,,,,,,
100,100,,,0.7080360054969788,0.8196486234664917,0.9802395105361938,1.0259301662445068,1.0259301662445068
100,100,0.21731145679950714,,,,,,
101,101,,,0.7066423296928406,0.8190470337867737,0.9801785349845886,1.0238268375396729,1.0238268375396729
101,101,0.21581320464611053,,,,,,
102,102,,,0.7054263949394226,0.8183534741401672,0.9801850318908691,1.021892786026001,1.021892786026001
102,102,0.21422019600868225,,,,,,
103,103,,,0.7042184472084045,0.8176814317703247,0.9802634119987488,1.0200304985046387,1.0200304985046387
103,103,0.21253354847431183,,,,,,
104,104,,,0.7028529047966003,0.8171578049659729,0.9803510904312134,1.0181198120117188,1.0181198120117188
104,104,0.21074587106704712,,,,,,
105,105,,,0.7013510465621948,0.8167769908905029,0.9803284406661987,1.0161101818084717,1.0161101818084717
105,105,0.2088538408279419,,,,,,
106,106,,,0.6998484134674072,0.8164046406745911,0.9801186323165894,1.0139988660812378,1.0139988660812378
106,106,0.20685501396656036,,,,,,
107,107,,,0.6983917951583862,0.8159538507461548,0.9797742366790771,1.0117994546890259,1.0117994546890259
107,107,0.20474372804164886,,,,,,
108,108,,,0.6968879699707031,0.8155010342597961,0.9794483780860901,1.009560465812683,1.009560465812683
108,108,0.20251347124576569,,,,,,
109,109,,,0.6952254176139832,0.815149188041687,0.9792765378952026,1.0073219537734985,1.0073219537734985
109,109,0.20016950368881226,,,,,,
110,110,,,0.6933973431587219,0.8148518204689026,0.9792830944061279,1.005054235458374,1.005054235458374
110,110,0.19770176708698273,,,,,,
111,111,,,0.6915016174316406,0.8144891262054443,0.9793789982795715,1.0027172565460205,1.0027172565460205
111,111,0.19510845839977264,,,,,,
112,112,,,0.6896122694015503,0.8140384554862976,0.9794475436210632,1.0003055334091187,1.0003055334091187
112,112,0.19239196181297302,,,,,,
113,113,,,0.6876539587974548,0.8135460019111633,0.979435920715332,0.9977426528930664,0.9977426528930664
113,113,0.18955005705356598,,,,,,
114,114,,,0.6854777336120605,0.8130461573600769,0.9793643951416016,0.9949057102203369,0.9949057102203369
114,114,0.1865842640399933,,,,,,
115,115,,,0.6830508708953857,0.8125766515731812,0.9792794585227966,0.9918191432952881,0.9918191432952881
115,115,0.18349792063236237,,,,,,
116,116,,,0.6804628372192383,0.8120943903923035,0.9792141318321228,0.9885679483413696,0.9885679483413696
116,116,0.18029403686523438,,,,,,
117,117,,,0.6777917146682739,0.8114664554595947,0.9791833758354187,0.9851406812667847,0.9851406812667847
117,117,0.17698213458061218,,,,,,
118,118,,,0.6750392913818359,0.8107029795646667,0.9792191386222839,0.9815675020217896,0.9815675020217896
118,118,0.1735704243183136,,,,,,
119,119,,,0.6721028685569763,0.8098998069763184,0.9793562293052673,0.9778372049331665,0.9778372049331665
119,119,0.1700708270072937,,,,,,
120,120,,,0.6688510179519653,0.8090466260910034,0.9795776605606079,0.9737938046455383,0.9737938046455383
120,120,0.16649867594242096,,,,,,
121,121,,,0.6653087139129639,0.808179497718811,0.9798348546028137,0.9694685935974121,0.9694685935974121
121,121,0.1628701388835907,,,,,,
122,122,,,0.6615993976593018,0.8072404265403748,0.980088472366333,0.9649277329444885,0.9649277329444885
122,122,0.15920551121234894,,,,,,
123,123,,,0.6577514410018921,0.8060901761054993,0.9803559184074402,0.9601026773452759,0.9601026773452759
123,123,0.15552231669425964,,,,,,
124,124,,,0.6536811590194702,0.8049085140228271,0.9807244539260864,0.9551049470901489,0.9551049470901489
124,124,0.1518438160419464,,,,,,
125,125,,,0.6493198275566101,0.803721010684967,0.9812055826187134,0.9498953819274902,0.9498953819274902
125,125,0.1481904536485672,,,,,,
126,126,,,0.6448181867599487,0.8024565577507019,0.9817572236061096,0.944553017616272,0.944553017616272
126,126,0.1445835530757904,,,,,,
127,127,,,0.6403470039367676,0.8010701537132263,0.9823635220527649,0.9392117261886597,0.9392117261886597
127,127,0.14104267954826355,,,,,,
128,128,,,0.6358034014701843,0.7995303869247437,0.9830181002616882,0.9337376356124878,0.9337376356124878
128,128,0.1375845968723297,,,,,,
129,129,,,0.6310456991195679,0.7982189655303955,0.9837551712989807,0.9283133149147034,0.9283133149147034
129,129,0.1342242807149887,,,,,,
130,130,,,0.6262440085411072,0.7967777252197266,0.9845109581947327,0.9227914810180664,0.9227914810180664
130,130,0.13097044825553894,,,,,,
131,131,,,0.6216564178466797,0.7954748868942261,0.9853513836860657,0.917681872844696,0.917681872844696
131,131,0.12782953679561615,,,,,,
132,132,,,0.6172342896461487,0.7937166690826416,0.9861714839935303,0.9123995304107666,0.9123995304107666
132,132,0.12480174005031586,,,,,,
133,133,,,0.612716019153595,0.7929682731628418,0.9871194362640381,0.9079300761222839,0.9079300761222839
133,133,0.12189380079507828,,,,,,
134,134,,,0.608604371547699,0.7905313968658447,0.9878162741661072,0.9024112224578857,0.9024112224578857
134,134,0.11913445591926575,,,,,,
135,135,,,0.6043853163719177,0.7918426990509033,0.9889301657676697,0.9000157117843628,0.9000157117843628
135,135,0.11669988185167313,,,,,,
136,136,,,0.6022012829780579,0.7857418060302734,0.9891465306282043,0.8932520151138306,0.8932520151138306
136,136,0.11543190479278564,,,,,,
137,137,,,0.5976477861404419,0.7957322597503662,0.9910799860954285,0.8978961110115051,0.8932520151138306
137,137,0.11857001483440399,,,,,,
138,138,,,0.5989969968795776,0.7817103266716003,0.9902884364128113,0.8877155780792236,0.8877155780792236
138,138,0.12961184978485107,,,,,,
139,139,,,0.59128338098526,0.7877777218818665,0.990899384021759,0.8854721188545227,0.8854721188545227
139,139,0.13048173487186432,,,,,,
140,140,,,0.5881476402282715,0.7885841727256775,0.9911899566650391,0.8833200931549072,0.8833200931549072
140,140,0.10785049945116043,,,,,,
141,141,,,0.591407299041748,0.7791135907173157,0.9908737540245056,0.8788243532180786,0.8788243532180786
141,141,0.1096329465508461,,,,,,
142,142,,,0.585300087928772,0.7835108041763306,0.991068959236145,0.8766090869903564,0.8766090869903564
142,142,0.11829330027103424,,,,,,
143,143,,,0.5816918611526489,0.7854211926460266,0.991015613079071,0.8746989965438843,0.8746989965438843
143,143,0.1016409769654274,,,,,,
144,144,,,0.5848219394683838,0.7772342562675476,0.9905431270599365,0.8709755539894104,0.8709755539894104
144,144,0.10487625747919083,,,,,,
145,145,,,0.5806810259819031,0.7792353630065918,0.9904111623764038,0.868584394454956,0.868584394454956
145,145,0.10827179998159409,,,,,,
146,146,,,0.5767055749893188,0.7829521298408508,0.9905256628990173,0.8678592443466187,0.8678592443466187
146,146,0.09597504884004593,,,,,,
147,147,,,0.5791751742362976,0.7758811116218567,0.9900242686271667,0.8643616437911987,0.8643616437911987
147,147,0.10276376456022263,,,,,,
148,148,,,0.5769464373588562,0.7761403322219849,0.9899065494537354,0.8624300956726074,0.8624300956726074
148,148,0.09954393655061722,,,,,,
149,149,,0.09377091377973557,,,,,
149,149,,,0.5722874402999878,0.7804997563362122,0.9903042316436768,0.8617594242095947,0.8617594242095947
149,149,0.09377091377973557,,,,,,
150,150,,,0.5737217664718628,0.7752063274383545,0.9900328516960144,0.8588171005249023,0.8588171005249023
150,150,0.09982234984636307,,,,,,
151,151,,,0.5733078718185425,0.7742577791213989,0.990226149559021,0.8578224778175354,0.8578224778175354
151,151,0.09312952309846878,,,,,,
152,152,,,0.5681578516960144,0.7781103849411011,0.9906972050666809,0.8563762903213501,0.8563762903213501
152,152,0.0936933308839798,,,,,,
153,153,,,0.5682244300842285,0.7751736640930176,0.9907799959182739,0.8542184233665466,0.8542184233665466
153,153,0.0954267606139183,,,,,,
154,154,,,0.5691810846328735,0.7733003497123718,0.9913265705108643,0.8539745807647705,0.8539745807647705
154,154,0.08997883647680283,,,,,,
155,155,,,0.5643660426139832,0.7761486768722534,0.991640031337738,0.8519909381866455,0.8519909381866455
155,155,0.09327060729265213,,,,,,
156,156,,,0.5629716515541077,0.7754634022712708,0.9919813871383667,0.8504098057746887,0.8504098057746887
156,156,0.09110928326845169,,,,,,
157,157,,,0.5644832253456116,0.7729918360710144,0.9926997423171997,0.8503019213676453,0.8503019213676453
157,157,0.0891653373837471,,,,,,
158,158,,,0.5608296990394592,0.7748594284057617,0.9927980303764343,0.8485094308853149,0.8485094308853149
158,158,0.09157148003578186,,,,,,
159,159,,,0.5585702657699585,0.7757512331008911,0.9931123852729797,0.847362756729126,0.847362756729126
159,159,0.08823294937610626,,,,,,
160,160,,,0.5601257681846619,0.7731529474258423,0.9937120676040649,0.8471145629882812,0.8471145629882812
160,160,0.08895383030176163,,,,,,
161,161,,,0.5578689575195312,0.774201512336731,0.9936454892158508,0.8458629250526428,0.8458629250526428
161,161,0.08923990279436111,,,,,,
162,162,,,0.5553300380706787,0.7759045362472534,0.9936954379081726,0.8449446558952332,0.8449446558952332
162,162,0.08683128654956818,,,,,,
163,163,,,0.5566326379776001,0.7735913991928101,0.9940627217292786,0.8445422053337097,0.8445422053337097
163,163,0.08832486718893051,,,,,,
164,164,,,0.5554762482643127,0.7739593386650085,0.9939456582069397,0.8437261581420898,0.8437261581420898
164,164,0.08714098483324051,,,,,,
165,165,,,0.5529658198356628,0.7759125828742981,0.9936728477478027,0.8428412079811096,0.8428412079811096
165,165,0.08617569506168365,,,,,,
166,166,,,0.5539641976356506,0.7741273045539856,0.9938014149665833,0.8424267172813416,0.8424267172813416
166,166,0.08718767762184143,,,,,,
167,167,,,0.5535962581634521,0.7739731669425964,0.9937061667442322,0.841924786567688,0.841924786567688
167,167,0.08560165762901306,,,,,,
168,168,,,0.5512367486953735,0.7758588790893555,0.9932448267936707,0.841015100479126,0.841015100479126
168,168,0.08561290055513382,,,,,,
169,169,,,0.5518620014190674,0.7746647596359253,0.9932709336280823,0.840661883354187,0.840661883354187
169,169,0.08582571893930435,,,,,,
170,170,,,0.5519691705703735,0.7741485238075256,0.9933100938796997,0.8403825759887695,0.8403825759887695
170,170,0.08450030535459518,,,,,,
171,171,,,0.5498325228691101,0.7758123278617859,0.9928421974182129,0.8395001888275146,0.8395001888275146
171,171,0.08485961705446243,,,,,,
172,172,,,0.5500863790512085,0.7751560211181641,0.9928379058837891,0.8392149209976196,0.8392149209976196
172,172,0.08447945863008499,,,,,,
173,173,,,0.5504686236381531,0.7744371891021729,0.9929901957511902,0.8390892148017883,0.8390892148017883
173,173,0.08359683305025101,,,,,,
174,174,,,0.5486128330230713,0.7758229374885559,0.9925961494445801,0.8382887840270996,0.8382887840270996
174,174,0.08390280604362488,,,,,,
175,175,,,0.5485032796859741,0.7755817174911499,0.9925886988639832,0.83800208568573,0.83800208568573
175,175,0.08324269205331802,,,,,,
176,176,,,0.5489209890365601,0.7747807502746582,0.9928345084190369,0.8378990888595581,0.8378990888595581
176,176,0.08271941542625427,,,,,,
177,177,,,0.5473020672798157,0.7758950591087341,0.9925623536109924,0.8371750712394714,0.8371750712394714
177,177,0.08282452076673508,,,,,,
178,178,,,0.5469092726707458,0.7759431004524231,0.9925590753555298,0.8368662595748901,0.8368662595748901
178,178,0.0821084976196289,,,,,,
179,179,,,0.5472565293312073,0.775160551071167,0.9928538203239441,0.836743950843811,0.836743950843811
179,179,0.08179223537445068,,,,,,
180,180,,,0.5458363890647888,0.7760651707649231,0.9927111864089966,0.8361141085624695,0.8361141085624695
180,180,0.08170157670974731,,,,,,
181,181,,,0.5452549457550049,0.7763016223907471,0.9927614331245422,0.8358193039894104,0.8358193039894104
181,181,0.08103763312101364,,,,,,
182,182,,,0.5454621911048889,0.7755918502807617,0.993148148059845,0.8356850147247314,0.8356850147247314
182,182,0.0808071419596672,,,,,,
183,183,,,0.5441506505012512,0.7763493657112122,0.9931780099868774,0.8351442813873291,0.8351442813873291
183,183,0.0805831104516983,,,,,,
184,184,,,0.5434496998786926,0.7766971588134766,0.9933280348777771,0.8348932266235352,0.8348932266235352
184,184,0.08000081032514572,,,,,,
185,185,,,0.5435369610786438,0.7760838270187378,0.9938066005706787,0.8347834944725037,0.8347834944725037
185,185,0.0797874853014946,,,,,,
186,186,,,0.5423068404197693,0.7767481803894043,0.9939749240875244,0.8343292474746704,0.8343292474746704
186,186,0.07949285209178925,,,,,,
187,187,,,0.5415313839912415,0.7771487832069397,0.994217574596405,0.8341125249862671,0.8341125249862671
187,187,0.07898266613483429,,,,,,
188,188,,,0.5415012240409851,0.7766281962394714,0.994773805141449,0.834019124507904,0.834019124507904
188,188,0.0787554457783699,,,,,,
189,189,,,0.5403248071670532,0.7772318720817566,0.9950423836708069,0.833629310131073,0.833629310131073
189,189,0.07843189686536789,,,,,,
190,190,,,0.5395171046257019,0.7776409387588501,0.9953407049179077,0.8334274888038635,0.8334274888038635
190,190,0.07797105610370636,,,,,,
191,191,,,0.5394032001495361,0.7772125601768494,0.9959104657173157,0.8333415985107422,0.8333415985107422
191,191,0.07771796733140945,,,,,,
192,192,,,0.5383040904998779,0.7777873873710632,0.9962061047554016,0.8330166935920715,0.8330166935920715
192,192,0.07738607376813889,,,,,,
193,193,,,0.5375106930732727,0.7781708240509033,0.9965280294418335,0.8328247666358948,0.8328247666358948
193,193,0.07695325464010239,,,,,,
194,194,,,0.5372975468635559,0.777830958366394,0.997096598148346,0.8327218294143677,0.8327218294143677
194,194,0.0766700878739357,,,,,,
195,195,,,0.5362409353256226,0.7783946990966797,0.9974150657653809,0.8324428200721741,0.8324428200721741
195,195,0.07633812725543976,,,,,,
196,196,,,0.5354735851287842,0.7787213921546936,0.9977750778198242,0.8322553634643555,0.8322553634643555
196,196,0.0759199857711792,,,,,,
197,197,,,0.5351399779319763,0.7784725427627563,0.9983425140380859,0.832119882106781,0.832119882106781
197,197,0.07560641318559647,,,,,,
198,198,,,0.5340877771377563,0.779040515422821,0.9986892342567444,0.8318694233894348,0.8318694233894348
198,198,0.07527710497379303,,,,,,
199,199,,0.0748697817325592,,,,,
199,199,,,0.5333338975906372,0.7792869806289673,0.9991270899772644,0.8316814303398132,0.8316814303398132
199,199,0.0748697817325592,,,,,,
200,200,,,0.5328341722488403,0.7791339159011841,0.9997358322143555,0.8315050601959229,0.8315050601959229
200,200,0.07452768087387085,,,,,,
201,201,,,0.5317369699478149,0.7797090411186218,1.000152587890625,0.8312687873840332,0.8312687873840332
201,201,0.07419999688863754,,,,,,
202,202,,,0.5309862494468689,0.7798632979393005,1.0006972551345825,0.8310801386833191,0.8310801386833191
202,202,0.07380609959363937,,,,,,
203,203,,,0.5303220748901367,0.7798224091529846,1.0013447999954224,0.8308769464492798,0.8308769464492798
203,203,0.07343974709510803,,,,,,
204,204,,,0.5291897058486938,0.7803946733474731,1.0018291473388672,0.8306549191474915,0.8306549191474915
204,204,0.07310829311609268,,,,,,
205,205,,,0.528439462184906,0.7804555296897888,1.0024762153625488,0.8304600715637207,0.8304600715637207
205,205,0.0727325826883316,,,,,,
206,206,,,0.5276165008544922,0.7805402874946594,1.0031492710113525,0.8302392959594727,0.8302392959594727
206,206,0.07235098630189896,,,,,,
207,207,,,0.5264778137207031,0.7810722589492798,1.003695011138916,0.8300238251686096,0.8300238251686096
207,207,0.07200752943754196,,,,,,
208,208,,,0.5257295966148376,0.7810578346252441,1.0044060945510864,0.8298150300979614,0.8298150300979614
208,208,0.07165061682462692,,,,,,
209,209,,,0.5247823596000671,0.7812790274620056,1.005063533782959,0.8295907974243164,0.8295907974243164
209,209,0.07126870006322861,,,,,,
210,210,,,0.5236835479736328,0.7817193269729614,1.005664587020874,0.829377293586731,0.829377293586731
210,210,0.07090830057859421,,,,,,
211,211,,,0.52291339635849,0.7816766500473022,1.0064198970794678,0.8291594386100769,0.8291594386100769
211,211,0.0705614909529686,,,,,,
212,212,,,0.5218686461448669,0.7820232510566711,1.0070732831954956,0.8289540410041809,0.8289540410041809
212,212,0.07019447535276413,,,,,,
213,213,,,0.5208441615104675,0.7823269367218018,1.0077508687973022,0.8287490606307983,0.8287490606307983
213,213,0.06982427090406418,,,,,,
214,214,,,0.5200274586677551,0.7823362350463867,1.008527398109436,0.8285502791404724,0.8285502791404724
214,214,0.0694735199213028,,,,,,
215,215,,,0.5189394950866699,0.7827642560005188,1.009199857711792,0.8283898234367371,0.8283898234367371
215,215,0.06912429630756378,,,,,,
216,216,,,0.5180014967918396,0.7829228639602661,1.0099709033966064,0.8282065391540527,0.8282065391540527
216,216,0.06876250356435776,,,,,,
217,217,,,0.5171043276786804,0.7830619215965271,1.0107587575912476,0.8280539512634277,0.8280539512634277
217,217,0.06840456277132034,,,,,,
218,218,,,0.5160326361656189,0.7834807634353638,1.0114866495132446,0.8279402256011963,0.8279402256011963
218,218,0.0680602565407753,,,,,,
219,219,,,0.5151686668395996,0.7835517525672913,1.0123250484466553,0.8277963995933533,0.8277963995933533
219,219,0.06771661341190338,,,,,,
220,220,,,0.514193594455719,0.7838515639305115,1.0131044387817383,0.8277051448822021,0.8277051448822021
220,220,0.06736636906862259,,,,,,
221,221,,,0.513194739818573,0.784165620803833,1.0139095783233643,0.8276231288909912,0.8276231288909912
221,221,0.06701989471912384,,,,,,
222,222,,,0.5123511552810669,0.7842642068862915,1.0147799253463745,0.8275424838066101,0.8275424838066101
222,222,0.06668347865343094,,,,,,
223,223,,,0.5113300681114197,0.7846676111221313,1.0155781507492065,0.8275116682052612,0.8275116682052612
223,223,0.06634997576475143,,,,,,
224,224,,,0.5104310512542725,0.7848522663116455,1.0164625644683838,0.8274650573730469,0.8274650573730469
224,224,0.06601373106241226,,,,,,
225,225,,,0.5095503926277161,0.7850923538208008,1.0173333883285522,0.827470064163208,0.8274650573730469
225,225,0.06567904353141785,,,,,,
226,226,,,0.5085498094558716,0.7854731678962708,1.0182000398635864,0.8274866342544556,0.8274650573730469
226,226,0.06535132229328156,,,,,,
227,227,,,0.5077170133590698,0.7856215238571167,1.0191433429718018,0.8275072574615479,0.8274650573730469
227,227,0.06502891331911087,,,,,,
228,228,,,0.5067698955535889,0.7860094308853149,1.0200334787368774,0.8275913000106812,0.8274650573730469
228,228,0.06470707058906555,,,,,,
229,229,,,0.5058588981628418,0.7862743735313416,1.020987629890442,0.8276500701904297,0.8274650573730469
229,229,0.0643855482339859,,,,,,
230,230,,,0.5050174593925476,0.7865344285964966,1.0219388008117676,0.827761173248291,0.8274650573730469
230,230,0.06406755745410919,,,,,,
231,231,,,0.5040591955184937,0.7869383692741394,1.0228843688964844,0.827889084815979,0.8274650573730469
231,231,0.06375478208065033,,,,,,
232,232,,,0.5032434463500977,0.787146270275116,1.0238852500915527,0.828014612197876,0.8274650573730469
232,232,0.06344573944807053,,,,,,
233,233,,,0.5023350119590759,0.7875533103942871,1.0248363018035889,0.8281924724578857,0.8274650573730469
233,233,0.0631382092833519,,,,,,
234,234,,,0.5014709830284119,0.7878463268280029,1.0258421897888184,0.8283527493476868,0.8274650573730469
234,234,0.06283218413591385,,,,,,
235,235,,,0.5006600022315979,0.7881613969802856,1.0268263816833496,0.828561007976532,0.8274650573730469
235,235,0.06252896040678024,,,,,,
236,236,,,0.49974605441093445,0.7885673642158508,1.027819275856018,0.8287655711174011,0.8274650573730469
236,236,0.062229566276073456,,,,,,
237,237,,,0.49898284673690796,0.7888252139091492,1.0288410186767578,0.8289941549301147,0.8274650573730469
237,237,0.061933714896440506,,,,,,
238,238,,,0.49809718132019043,0.7892653942108154,1.0298292636871338,0.8292490839958191,0.8274650573730469
238,238,0.061640284955501556,,,,,,
239,239,,,0.49730390310287476,0.7895588874816895,1.0308679342269897,0.8294957280158997,0.8274650573730469
239,239,0.061348870396614075,,,,,,
240,240,,,0.4964955747127533,0.7899541258811951,1.0318738222122192,0.8297917246818542,0.8274650573730469
240,240,0.061059582978487015,,,,,,
241,241,,,0.4956536889076233,0.7903308272361755,1.0329171419143677,0.8300716876983643,0.8274650573730469
241,241,0.06077303737401962,,,,,,
242,242,,,0.4949114918708801,0.7906663417816162,1.0339477062225342,0.8303921818733215,0.8274650573730469
242,242,0.06048956513404846,,,,,,
243,243,,,0.4940502345561981,0.791111946105957,1.034984827041626,0.8307108283042908,0.8274650573730469
243,243,0.06020909920334816,,,,,,
244,244,,,0.4933447241783142,0.7914206981658936,1.0360342264175415,0.8310545682907104,0.8274650573730469
244,244,0.05993140861392021,,,,,,
245,245,,,0.4924984574317932,0.791890561580658,1.0370672941207886,0.8314053416252136,0.8274650573730469
245,245,0.059656184166669846,,,,,,
246,246,,,0.4917949140071869,0.7922145128250122,1.0381256341934204,0.8317714333534241,0.8274650573730469
246,246,0.059383418411016464,,,,,,
247,247,,,0.4909980297088623,0.7926711440086365,1.0391572713851929,0.8321535587310791,0.8274650573730469
247,247,0.059113092720508575,,,,,,
248,248,,,0.49027615785598755,0.793036162853241,1.040212869644165,0.8325392007827759,0.8274650573730469
248,248,0.05884550139307976,,,,,,
249,249,,0.05858069658279419,,,,,
249,249,,,0.48953646421432495,0.7934638857841492,1.0412476062774658,0.8329488039016724,0.8274650573730469
249,249,0.05858069658279419,,,,,,
250,250,,,0.48879629373550415,0.7938730716705322,1.0423012971878052,0.8333571553230286,0.8274650573730469
250,250,0.058318816125392914,,,,,,
251,251,,,0.4881073534488678,0.7942726016044617,1.0433378219604492,0.8337886929512024,0.8274650573730469
251,251,0.05805987864732742,,,,,,
252,252,,,0.48735281825065613,0.7947208285331726,1.0443880558013916,0.8342178463935852,0.8274650573730469
252,252,0.057803940027952194,,,,,,
253,253,,,0.48671647906303406,0.7950949668884277,1.0454223155975342,0.8346720933914185,0.8274650573730469
253,253,0.05755098909139633,,,,,,
254,254,,,0.48593828082084656,0.7955783605575562,1.0464731454849243,0.8351143598556519,0.8274650573730469
254,254,0.057301055639982224,,,,,,
255,255,,,0.485366553068161,0.7959235906600952,1.0474961996078491,0.8355919122695923,0.8274650573730469
255,255,0.057054247707128525,,,,,,
256,256,,,0.484544962644577,0.796448826789856,1.048552393913269,0.8360404372215271,0.8274650573730469
256,256,0.05681070312857628,,,,,,
257,257,,,0.4840730130672455,0.796746551990509,1.0495460033416748,0.8365417718887329,0.8274650573730469
257,257,0.05657084658741951,,,,,,
258,258,,,0.483146071434021,0.7973421812057495,1.050628900527954,0.8369850516319275,0.8274650573730469
258,258,0.05633539333939552,,,,,,
259,259,,,0.4828726053237915,0.7975414991378784,1.0515592098236084,0.8375239372253418,0.8274650573730469
259,259,0.0561060793697834,,,,,,
260,260,,,0.4816831648349762,0.7982872128486633,1.0527232885360718,0.837939441204071,0.8274650573730469
260,260,0.05588707700371742,,,,,,
261,261,,,0.481869101524353,0.7982651591300964,1.0535005331039429,0.838560938835144,0.8274650573730469
261,261,0.055688146501779556,,,,,,
262,262,,,0.4800274074077606,0.7993664145469666,1.0549122095108032,0.8389195799827576,0.8274650573730469
262,262,0.05553502216935158,,,,,,
263,263,,,0.4813864529132843,0.7988266944885254,1.0553041696548462,0.8397863507270813,0.8274650573730469
263,263,0.05549037829041481,,,,,,
264,264,,,0.47794055938720703,0.8008285164833069,1.0574684143066406,0.840118408203125,0.8274650573730469
264,264,0.055728740990161896,,,,,,
265,265,,,0.4825470447540283,0.7991364598274231,1.0569576025009155,0.8419846296310425,0.8274650573730469
265,265,0.056652382016181946,,,,,,
266,266,,,0.4754628837108612,0.8032694458961487,1.0611727237701416,0.8425514101982117,0.8274650573730469
266,266,0.059324074536561966,,,,,,
267,267,,,0.4875548779964447,0.7997680306434631,1.0590128898620605,0.8476894497871399,0.8274650573730469
267,267,0.06487121433019638,,,,,,
268,268,,,0.47347962856292725,0.8054328560829163,1.0640466213226318,0.8446251749992371,0.8274650573730469
268,268,0.0740046352148056,,,,,,
269,269,,,0.4865207076072693,0.8007853627204895,1.060137152671814,0.8484145402908325,0.8274650573730469
269,269,0.07482786476612091,,,,,,
270,270,,,0.474040687084198,0.8024787902832031,1.0611963272094727,0.8408551216125488,0.8274650573730469
270,270,0.06552502512931824,,,,,,
271,271,,,0.47376707196235657,0.8042175769805908,1.0637729167938232,0.8436942100524902,0.8274650573730469
271,271,0.05432659387588501,,,,,,
272,272,,,0.48626330494880676,0.801575243473053,1.0627573728561401,0.8505274057388306,0.8274650573730469
272,272,0.05902745574712753,,,,,,
273,273,,,0.4707890748977661,0.8059162497520447,1.0639760494232178,0.842934787273407,0.8274650573730469
273,273,0.06714753061532974,,,,,,
274,274,,,0.4764367938041687,0.8027222752571106,1.0651195049285889,0.8453966379165649,0.8274650573730469
274,274,0.05928752198815346,,,,,,
275,275,,,0.47814467549324036,0.8024795055389404,1.0654546022415161,0.846723198890686,0.8274650573730469
275,275,0.053236693143844604,,,,,,
276,276,,,0.4690273404121399,0.8065292835235596,1.0676075220108032,0.8444452285766602,0.8274650573730469
276,276,0.0574968159198761,,,,,,
277,277,,,0.4802810251712799,0.803548276424408,1.066334843635559,0.8497824668884277,0.8274650573730469
277,277,0.05964016541838646,,,,,,
278,278,,,0.47267743945121765,0.8043776750564575,1.066851258277893,0.8449828624725342,0.8274650573730469
278,278,0.055589016526937485,,,,,,
279,279,,,0.46785810589790344,0.8069269061088562,1.0698431730270386,0.8453345894813538,0.8274650573730469
279,279,0.05289134010672569,,,,,,
280,280,,,0.48115816712379456,0.8046256899833679,1.0690760612487793,0.8530907034873962,0.8274650573730469
280,280,0.056826915591955185,,,,,,
281,281,,,0.4696919023990631,0.8062019944190979,1.0687682628631592,0.8454325795173645,0.8274650573730469
281,281,0.05805053934454918,,,,,,
282,282,,,0.4672490358352661,0.8076180219650269,1.070502758026123,0.8458611369132996,0.8274650573730469
282,282,0.05232854560017586,,,,,,
283,283,,,0.479274719953537,0.8054524064064026,1.0721274614334106,0.8542833924293518,0.8274650573730469
283,283,0.05399811267852783,,,,,,
284,284,,,0.4676940441131592,0.8077075481414795,1.0721772909164429,0.8473520874977112,0.8274650573730469
284,284,0.05774528905749321,,,,,,
285,285,,,0.46668797731399536,0.8079436421394348,1.0718251466751099,0.8465611934661865,0.8274650573730469
285,285,0.052775170654058456,,,,,,
286,286,,,0.47654733061790466,0.8066834211349487,1.0735418796539307,0.8541036248207092,0.8274650573730469
286,286,0.05222368985414505,,,,,,
287,287,,,0.4662560224533081,0.808463454246521,1.0755563974380493,0.8490822911262512,0.8274650573730469
287,287,0.05536554381251335,,,,,,
288,288,,,0.4662014842033386,0.8084641695022583,1.073872685432434,0.8479465246200562,0.8274650573730469
288,288,0.05301588401198387,,,,,,
289,289,,,0.4733082354068756,0.8076714873313904,1.075121283531189,0.8534629344940186,0.8274650573730469
289,289,0.05146700143814087,,,,,,
290,290,,,0.46546700596809387,0.8095740079879761,1.0769685506820679,0.8503078818321228,0.8274650573730469
290,290,0.05278124287724495,,,,,,
291,291,,,0.46563613414764404,0.808754563331604,1.0764389038085938,0.8494291305541992,0.8274650573730469
291,291,0.05255033075809479,,,,,,
292,292,,,0.46960699558258057,0.8088715672492981,1.0775960683822632,0.8532485961914062,0.8274650573730469
292,292,0.051380448043346405,,,,,,
293,293,,,0.4644030034542084,0.8102299571037292,1.0787620544433594,0.8512151837348938,0.8274650573730469
293,293,0.05095972493290901,,,,,,
294,294,,,0.4651932716369629,0.8096362352371216,1.0783917903900146,0.8510828018188477,0.8274650573730469
294,294,0.05151091516017914,,,,,,
295,295,,,0.46624279022216797,0.8099778890609741,1.0806680917739868,0.8536277413368225,0.8274650573730469
295,295,0.05136265233159065,,,,,,
296,296,,,0.4634595215320587,0.8110424280166626,1.0807864665985107,0.8524932861328125,0.8274650573730469
296,296,0.05020621418952942,,,,,,
297,297,,,0.4643864929676056,0.8105485439300537,1.080398440361023,0.8525292277336121,0.8274650573730469
297,297,0.05029969662427902,,,,,,
298,298,,,0.46404001116752625,0.8114675879478455,1.0825746059417725,0.8544379472732544,0.8274650573730469
298,298,0.05093858018517494,,,,,,
299,299,,0.05010844022035599,,,,,
299,299,,,0.46271297335624695,0.8114469051361084,1.083070158958435,0.8537624478340149,0.8274650573730469
299,299,0.05010844022035599,,,,,,
300,300,,,0.4629581868648529,0.8118079900741577,1.0824031829833984,0.8537982106208801,0.8274650573730469
300,300,0.049488671123981476,,,,,,
301,301,,,0.46231067180633545,0.812219500541687,1.0848767757415771,0.8552742004394531,0.8274650573730469
301,301,0.050125300884246826,,,,,,
302,302,,,0.46242979168891907,0.8126888275146484,1.0842472314834595,0.8553280830383301,0.8274650573730469
302,302,0.05013323575258255,,,,,,
303,303,,,0.4609059691429138,0.8124532103538513,1.0856444835662842,0.85493004322052,0.8274650573730469
303,303,0.049498479813337326,,,,,,
304,304,,,0.46167251467704773,0.8143015503883362,1.0858126878738403,0.8571012616157532,0.8274650573730469
304,304,0.049856141209602356,,,,,,
305,305,,,0.46152880787849426,0.8128517866134644,1.087462067604065,0.8569074869155884,0.8274650573730469
305,305,0.0508502796292305,,,,,,
306,306,,,0.46005937457084656,0.8157317042350769,1.0863450765609741,0.8574210405349731,0.8274650573730469
306,306,0.0518915168941021,,,,,,
307,307,,,0.4605353772640228,0.8134475350379944,1.0916105508804321,0.8593932390213013,0.8274650573730469
307,307,0.054168108850717545,,,,,,
308,308,,,0.461774617433548,0.8174787759780884,1.0868494510650635,0.8604363203048706,0.8274650573730469
308,308,0.05879289284348488,,,,,,
309,309,,,0.4585684835910797,0.8145890831947327,1.093464970588684,0.8600977659225464,0.8274650573730469
309,309,0.06422728300094604,,,,,,
310,310,,,0.46118196845054626,0.8180533051490784,1.0885318517684937,0.8615739941596985,0.8274650573730469
310,310,0.06627359241247177,,,,,,
311,311,,,0.45918986201286316,0.8148691654205322,1.0918505191802979,0.8597127795219421,0.8274650573730469
311,311,0.06034906581044197,,,,,,
312,312,,,0.4563687741756439,0.8159444332122803,1.0921528339385986,0.8587183952331543,0.8274650573730469
312,312,0.05100065842270851,,,,,,
313,313,,,0.46038660407066345,0.8177398443222046,1.090495228767395,0.8620279431343079,0.8274650573730469
313,313,0.04871634766459465,,,,,,
314,314,,,0.45796358585357666,0.8158690929412842,1.0952221155166626,0.86185622215271,0.8274650573730469
314,314,0.05397436395287514,,,,,,
315,315,,,0.4559938311576843,0.8186694383621216,1.0922895669937134,0.8607497811317444,0.8274650573730469
315,315,0.05687698349356651,,,,,,
316,316,,,0.45971357822418213,0.8168379664421082,1.0940370559692383,0.8631418943405151,0.8274650573730469
316,316,0.05257071927189827,,,,,,
317,317,,,0.4556417465209961,0.8171106576919556,1.0956615209579468,0.8614588379859924,0.8274650573730469
317,317,0.04819392040371895,,,,,,
318,318,,,0.4556546211242676,0.8196092247962952,1.093793272972107,0.8622630834579468,0.8274650573730469
318,318,0.049608759582042694,,,,,,
319,319,,,0.4589816927909851,0.8174426555633545,1.0974476337432861,0.8653580546379089,0.8274650573730469
319,319,0.05284089967608452,,,,,,
320,320,,,0.45402082800865173,0.8189883232116699,1.0962340831756592,0.8621866106987,0.8274650573730469
320,320,0.05155399069190025,,,,,,
321,321,,,0.4552244544029236,0.8193759918212891,1.0959640741348267,0.8631986975669861,0.8274650573730469
321,321,0.047690052539110184,,,,,,
322,322,,,0.4572064280509949,0.8184366822242737,1.0990757942199707,0.8659481406211853,0.8274650573730469
322,322,0.04810617119073868,,,,,,
323,323,,,0.45323461294174194,0.8206547498703003,1.0974812507629395,0.8638027906417847,0.8274650573730469
323,323,0.05069160461425781,,,,,,
324,324,,,0.455074667930603,0.8194505572319031,1.0987358093261719,0.8649920225143433,0.8274650573730469
324,324,0.04966838285326958,,,,,,
325,325,,,0.45499077439308167,0.8197330236434937,1.099737286567688,0.8658276796340942,0.8274650573730469
325,325,0.047108687460422516,,,,,,
326,326,,,0.4526529014110565,0.8214574456214905,1.0990434885025024,0.8650755286216736,0.8274650573730469
326,326,0.047362882643938065,,,,,,
327,327,,,0.4546337127685547,0.8201354146003723,1.1013622283935547,0.866978645324707,0.8274650573730469
327,327,0.04897753894329071,,,,,,
328,328,,,0.4530870318412781,0.8213070631027222,1.100721836090088,0.8663849234580994,0.8274650573730469
328,328,0.04845054820179939,,,,,,
329,329,,,0.45216435194015503,0.8216904401779175,1.1009328365325928,0.8661705255508423,0.8274650573730469
329,329,0.04669329524040222,,,,,,
330,330,,,0.45347705483436584,0.8210925459861755,1.1029471158981323,0.8679770231246948,0.8274650573730469
330,330,0.046750929206609726,,,,,,
331,331,,,0.4516998827457428,0.8226104378700256,1.1021504402160645,0.8673989176750183,0.8274650573730469
331,331,0.04785994812846184,,,,,,
332,332,,,0.4518596827983856,0.8219839334487915,1.103092074394226,0.8676308989524841,0.8274650573730469
332,332,0.04751388728618622,,,,,,
333,333,,,0.4519256055355072,0.8222282528877258,1.1037437915802002,0.8683136105537415,0.8274650573730469
333,333,0.046290863305330276,,,,,,
334,334,,,0.45073461532592773,0.8233023881912231,1.1037819385528564,0.8683578968048096,0.8274650573730469
334,334,0.04620891064405441,,,,,,
335,335,,,0.4513883590698242,0.8225952982902527,1.10512113571167,0.8691466450691223,0.8274650573730469
335,335,0.046942077577114105,,,,,,
336,336,,,0.4504859745502472,0.8234920501708984,1.1046576499938965,0.8689194917678833,0.8274650573730469
336,336,0.04680804908275604,,,,,,
337,337,,,0.4501502215862274,0.823646605014801,1.1055798530578613,0.8694211840629578,0.8274650573730469
337,337,0.045947279781103134,,,,,,
338,338,,,0.4504094421863556,0.8234370350837708,1.1065716743469238,0.8701004981994629,0.8274650573730469
338,338,0.04575442150235176,,,,,,
339,339,,,0.44935494661331177,0.8245155811309814,1.1060508489608765,0.8698763847351074,0.8274650573730469
339,339,0.046202901750802994,,,,,,
340,340,,,0.44980689883232117,0.8240916728973389,1.1073634624481201,0.8707334995269775,0.8274650573730469
340,340,0.04620349779725075,,,,,,
341,341,,,0.449130117893219,0.8244697451591492,1.10756516456604,0.8706920146942139,0.8274650573730469
341,341,0.04566025361418724,,,,,,
342,342,,,0.4485401511192322,0.8250858187675476,1.1078262329101562,0.8709487915039062,0.8274650573730469
342,342,0.0453667938709259,,,,,,
343,343,,,0.4492560923099518,0.8247932195663452,1.1088308095932007,0.8718969821929932,0.8274650573730469
343,343,0.0455600768327713,,,,,,
344,344,,,0.44793516397476196,0.8255535364151001,1.1086641550064087,0.8714609742164612,0.8274650573730469
344,344,0.04567819461226463,,,,,,
345,345,,,0.4480665624141693,0.8255134224891663,1.1097608804702759,0.872258722782135,0.8274650573730469
345,345,0.045386601239442825,,,,,,
346,346,,,0.448233038187027,0.825708270072937,1.1099730730056763,0.8726807236671448,0.8274650573730469
346,346,0.045055091381073,,,,,,
347,347,,,0.44701021909713745,0.8263653516769409,1.1101561784744263,0.8724678754806519,0.8274650573730469
347,347,0.04503965750336647,,,,,,
348,348,,,0.44772347807884216,0.8261429667472839,1.1113885641098022,0.8736244440078735,0.8274650573730469
348,348,0.04515966773033142,,,,,,
349,349,,0.04507657513022423,,,,,
349,349,,,0.4469943046569824,0.8267328143119812,1.1111236810684204,0.8734090924263,0.8274650573730469
349,349,0.04507657513022423,,,,,,
350,350,,,0.446451872587204,0.8269016146659851,1.1118953227996826,0.8736795783042908,0.8274650573730469
350,350,0.04481217637658119,,,,,,
351,351,,,0.4470815062522888,0.8269999623298645,1.1124601364135742,0.8745906949043274,0.8274650573730469
351,351,0.04465359449386597,,,,,,
352,352,,,0.4458693265914917,0.8275802135467529,1.1125820875167847,0.8742844462394714,0.8274650573730469
352,352,0.044675443321466446,,,,,,
353,353,,,0.44615232944488525,0.8275008797645569,1.1134800910949707,0.875026285648346,0.8274650573730469
353,353,0.044689375907182693,,,,,,
354,354,,,0.4460489749908447,0.8279798030853271,1.1134178638458252,0.875304639339447,0.8274650573730469
354,354,0.044569917023181915,,,,,,
355,355,,,0.44508931040763855,0.8281670808792114,1.1142807006835938,0.8753566741943359,0.8274650573730469
355,355,0.044391877949237823,,,,,,
356,356,,,0.44569551944732666,0.8283146619796753,1.1146146059036255,0.8761354684829712,0.8274650573730469
356,356,0.04428628832101822,,,,,,
357,357,,,0.4449104070663452,0.8288223743438721,1.1147575378417969,0.876090943813324,0.8274650573730469
357,357,0.04426635429263115,,,,,,
358,358,,,0.44470271468162537,0.8287885189056396,1.1157552003860474,0.8765888214111328,0.8274650573730469
358,358,0.044243644922971725,,,,,,
359,359,,,0.44484075903892517,0.8292410969734192,1.1156396865844727,0.8769822120666504,0.8274650573730469
359,359,0.04415571317076683,,,,,,
360,360,,,0.4440367519855499,0.8294224739074707,1.116395115852356,0.8770705461502075,0.8274650573730469
360,360,0.04402652010321617,,,,,,
361,361,,,0.4443065822124481,0.8296006917953491,1.1167410612106323,0.8776432275772095,0.8274650573730469
361,361,0.04392244294285774,,,,,,
362,362,,,0.44377484917640686,0.8300147652626038,1.1170514822006226,0.8778170347213745,0.8274650573730469
362,362,0.043869443237781525,,,,,,
363,363,,,0.4435655474662781,0.8300620317459106,1.1177692413330078,0.8781930208206177,0.8274650573730469
363,363,0.04383372142910957,,,,,,
364,364,,,0.44354090094566345,0.8304814100265503,1.1177396774291992,0.8785018920898438,0.8274650573730469
364,364,0.04377317801117897,,,,,,
365,365,,,0.44295734167099,0.8306055665016174,1.1186500787734985,0.8788068890571594,0.8274650573730469
365,365,0.043682172894477844,,,,,,
366,366,,,0.4431009292602539,0.8308719396591187,1.1187044382095337,0.8791656494140625,0.8274650573730469
366,366,0.043585821986198425,,,,,,
367,367,,,0.44258126616477966,0.8311779499053955,1.1191949844360352,0.8793826103210449,0.8274650573730469
367,367,0.04350670054554939,,,,,,
368,368,,,0.4425320625305176,0.8312913179397583,1.1197954416275024,0.8798484206199646,0.8274650573730469
368,368,0.043447401374578476,,,,,,
369,369,,,0.44227293133735657,0.8316677808761597,1.119853138923645,0.88001549243927,0.8274650573730469
369,369,0.043395642191171646,,,,,,
370,370,,,0.441945880651474,0.831780195236206,1.1206461191177368,0.8804150223731995,0.8274650573730469
370,370,0.04333707317709923,,,,,,
371,371,,,0.44198665022850037,0.8320984840393066,1.1206676959991455,0.8807218074798584,0.8274650573730469
371,371,0.04326554387807846,,,,,,
372,372,,,0.4413908123970032,0.8322837948799133,1.1213953495025635,0.880948007106781,0.8274650573730469
372,372,0.043185632675886154,,,,,,
373,373,,,0.4415908753871918,0.8325234055519104,1.1215596199035645,0.8813991546630859,0.8274650573730469
373,373,0.043107595294713974,,,,,,
374,374,,,0.44104984402656555,0.8327888250350952,1.1219972372055054,0.8815341591835022,0.8274650573730469
374,374,0.04303879290819168,,,,,,
375,375,,,0.44096940755844116,0.832947313785553,1.1225576400756836,0.8819894194602966,0.8274650573730469
375,375,0.042978934943675995,,,,,,
376,376,,,0.4408634901046753,0.8332736492156982,1.122605800628662,0.8822178244590759,0.8274650573730469
376,376,0.0429229661822319,,,,,,
377,377,,,0.4403427243232727,0.8334006667137146,1.1233932971954346,0.8824914693832397,0.8274650573730469
377,377,0.04286535456776619,,,,,,
378,378,,,0.440571129322052,0.8337197303771973,1.1233853101730347,0.8829113245010376,0.8274650573730469
378,378,0.042802903801202774,,,,,,
379,379,,,0.4399050176143646,0.8338744044303894,1.1240934133529663,0.8830522894859314,0.8274650573730469
379,379,0.0427355021238327,,,,,,
380,380,,,0.44008776545524597,0.834148108959198,1.1242015361785889,0.883481502532959,0.8274650573730469
380,380,0.04266522079706192,,,,,,
381,381,,,0.439644992351532,0.8343526124954224,1.124739408493042,0.883705735206604,0.8274650573730469
381,381,0.04259587451815605,,,,,,
382,382,,,0.43950074911117554,0.8345678448677063,1.125072956085205,0.8840100765228271,0.8274650573730469
382,382,0.042530305683612823,,,,,,
383,383,,,0.4394223392009735,0.8348316550254822,1.1253186464309692,0.8843414187431335,0.8274650573730469
383,383,0.04246937856078148,,,,,,
384,384,,,0.43897807598114014,0.8349949717521667,1.1259263753890991,0.8845789432525635,0.8274650573730469
384,384,0.042411886155605316,,,,,,
385,385,,,0.43909066915512085,0.8352891802787781,1.1259748935699463,0.8849354386329651,0.8274650573730469
385,385,0.042355816811323166,,,,,,
386,386,,,0.4385816752910614,0.8354378342628479,1.1266611814498901,0.8851696252822876,0.8274650573730469
386,386,0.042299605906009674,,,,,,
387,387,,,0.43867868185043335,0.8357316255569458,1.1266899108886719,0.8855013251304626,0.8274650573730469
387,387,0.04224234074354172,,,,,,
388,388,,,0.43822604417800903,0.8358781337738037,1.1273707151412964,0.8857702612876892,0.8274650573730469
388,388,0.04218381643295288,,,,,,
389,389,,,0.4382683336734772,0.8361741304397583,1.1273895502090454,0.8860588073730469,0.8274650573730469
389,389,0.04212416335940361,,,,,,
390,390,,,0.437872052192688,0.8363151550292969,1.1280559301376343,0.8863533139228821,0.8274650573730469
390,390,0.04206409305334091,,,,,,
391,391,,,0.4378580152988434,0.8366116285324097,1.1281204223632812,0.886634111404419,0.8274650573730469
391,391,0.042004212737083435,,,,,,
392,392,,,0.43753111362457275,0.8367537260055542,1.1287057399749756,0.8869233727455139,0.8274650573730469
392,392,0.04194512218236923,,,,,,
393,393,,,0.43744558095932007,0.8370469808578491,1.1288363933563232,0.8871967792510986,0.8274650573730469
393,393,0.04188695177435875,,,,,,
394,394,,,0.43719303607940674,0.8371868133544922,1.129387378692627,0.8875131607055664,0.8274650573730469
394,394,0.04182976484298706,,,,,,
395,395,,,0.43704307079315186,0.8374839425086975,1.1295028924942017,0.8877347111701965,0.8274650573730469
395,395,0.04177367314696312,,,,,,
396,396,,,0.4368482828140259,0.8376146554946899,1.1300814151763916,0.8881031274795532,0.8274650573730469
396,396,0.04171892628073692,,,,,,
397,397,,,0.43666407465934753,0.8379223346710205,1.1301538944244385,0.88828045129776,0.8274650573730469
397,397,0.04166608303785324,,,,,,
398,398,,,0.43647241592407227,0.8380332589149475,1.1307889223098755,0.8886734843254089,0.8274650573730469
398,398,0.04161602258682251,,,,,,
399,399,,0.04157039150595665,,,,,
399,399,,,0.4363418519496918,0.8383747935295105,1.1307461261749268,0.8888378143310547,0.8274650573730469
399,399,0.04157039150595665,,,,,,
400,400,,,0.43603774905204773,0.8384315371513367,1.131577491760254,0.8892422318458557,0.8274650573730469
400,400,0.04153219237923622,,,,,,
401,401,,,0.43609413504600525,0.8388558626174927,1.1312347650527954,0.8894007205963135,0.8274650573730469
401,401,0.04150708392262459,,,,,,
402,402,,,0.43554672598838806,0.8388046622276306,1.1324762105941772,0.8898270130157471,0.8274650573730469
402,402,0.04150565341114998,,,,,,
403,403,,,0.4359392821788788,0.8393891453742981,1.131592035293579,0.8899824023246765,0.8274650573730469
403,403,0.04154824838042259,,,,,,
404,404,,,0.4349835216999054,0.8391447067260742,1.1335886716842651,0.89048171043396,0.8274650573730469
404,404,0.04167407751083374,,,,,,
405,405,,,0.4359877109527588,0.840053141117096,1.1316810846328735,0.8906315565109253,0.8274650573730469
405,405,0.041960470378398895,,,,,,
406,406,,,0.4342949390411377,0.8394609689712524,1.135219931602478,0.8913873434066772,0.8274650573730469
406,406,0.04255693033337593,,,,,,
407,407,,,0.4365326166152954,0.841050386428833,1.1313040256500244,0.8915872573852539,0.8274650573730469
407,407,0.04374832659959793,,,,,,
408,408,,,0.4335145950317383,0.8398918509483337,1.1378823518753052,0.8930375576019287,0.8274650573730469
408,408,0.04602152854204178,,,,,,
409,409,,,0.4380239248275757,0.8426854610443115,1.1304292678833008,0.8934003114700317,0.8274650573730469
409,409,0.05005182698369026,,,,,,
410,410,,,0.4329015016555786,0.8406364321708679,1.1413874626159668,0.895653247833252,0.8274650573730469
410,410,0.05610768496990204,,,,,,
411,411,,,0.4393744468688965,0.8438252210617065,1.129610538482666,0.8947436809539795,0.8274650573730469
411,411,0.06238304078578949,,,,,,
412,412,,,0.4322216808795929,0.8405961394309998,1.1408954858779907,0.8948093056678772,0.8274650573730469
412,412,0.06334501504898071,,,,,,
413,413,,,0.4366956949234009,0.8417997360229492,1.1318809986114502,0.8927233219146729,0.8274650573730469
413,413,0.05477138236165047,,,,,,
414,414,,,0.4334886968135834,0.8412655591964722,1.1350210905075073,0.8921989798545837,0.8274650573730469
414,414,0.04355983808636665,,,,,,
415,415,,,0.43357622623443604,0.8411461114883423,1.1395293474197388,0.895264208316803,0.8274650573730469
415,415,0.04152661934494972,,,,,,
416,416,,,0.43624457716941833,0.8434375524520874,1.1319841146469116,0.8938512802124023,0.8274650573730469
416,416,0.04826788604259491,,,,,,
417,417,,,0.43249431252479553,0.841387152671814,1.1405056715011597,0.8953900337219238,0.8274650573730469
417,417,0.051991838961839676,,,,,,
418,418,,,0.43450266122817993,0.8421458005905151,1.1351765394210815,0.893746554851532,0.8274650573730469
418,418,0.04682941362261772,,,,,,
419,419,,,0.43406862020492554,0.8424488306045532,1.1347887516021729,0.8934323191642761,0.8274650573730469
419,419,0.04098115861415863,,,,,,
420,420,,,0.4325112998485565,0.8418391346931458,1.141171932220459,0.8962402939796448,0.8274650573730469
420,420,0.042796969413757324,,,,,,
421,421,,,0.435228556394577,0.8434869050979614,1.133711576461792,0.8943692445755005,0.8274650573730469
421,421,0.04701682925224304,,,,,,
422,422,,,0.4321332573890686,0.8422549962997437,1.1390070915222168,0.8948326706886292,0.8274650573730469
422,422,0.045447103679180145,,,,,,
423,423,,,0.4330587387084961,0.8426066040992737,1.1390588283538818,0.8958033919334412,0.8274650573730469
423,423,0.04115394875407219,,,,,,
424,424,,,0.43383798003196716,0.8437270522117615,1.1353965997695923,0.8947615623474121,0.8274650573730469
424,424,0.04140424728393555,,,,,,
425,425,,,0.4315744638442993,0.8427969217300415,1.1416029930114746,0.8966928720474243,0.8274650573730469
425,425,0.044263824820518494,,,,,,
426,426,,,0.4338492453098297,0.8437533378601074,1.136766791343689,0.8957339525222778,0.8274650573730469
426,426,0.04363889992237091,,,,,,
427,427,,,0.4317238926887512,0.8435766100883484,1.1382147073745728,0.8951113224029541,0.8274650573730469
427,427,0.04082110896706581,,,,,,
428,428,,,0.43254202604293823,0.8435167670249939,1.1410517692565918,0.8975843191146851,0.8274650573730469
428,428,0.040887270122766495,,,,,,
429,429,,,0.43238696455955505,0.8443949818611145,1.1371999979019165,0.8955574631690979,0.8274650573730469
429,429,0.04277228191494942,,,,,,
430,430,,,0.43166083097457886,0.8439006805419922,1.1403483152389526,0.8968113660812378,0.8274650573730469
430,430,0.04228466376662254,,,,,,
431,431,,,0.4316502809524536,0.8441610932350159,1.140486478805542,0.897118091583252,0.8274650573730469
431,431,0.040395576506853104,,,,,,
432,432,,,0.431964635848999,0.8447695374488831,1.1382107734680176,0.8962763547897339,0.8274650573730469
432,432,0.040509600192308426,,,,,,
433,433,,,0.4308050274848938,0.844342827796936,1.1423548460006714,0.897978663444519,0.8274650573730469
433,433,0.04178162291646004,,,,,,
434,434,,,0.4319118559360504,0.8449620008468628,1.139296531677246,0.8971500396728516,0.8274650573730469
434,434,0.04139740392565727,,,,,,
435,435,,,0.4304245412349701,0.8449753522872925,1.140428900718689,0.8969168663024902,0.8274650573730469
435,435,0.04008590802550316,,,,,,
436,436,,,0.43159788846969604,0.8450666666030884,1.1421006917953491,0.8989579677581787,0.8274650573730469
436,436,0.040170878171920776,,,,,,
437,437,,,0.43006646633148193,0.8454575538635254,1.1403456926345825,0.8970182538032532,0.8274650573730469
437,437,0.04105111211538315,,,,,,
438,438,,,0.43154072761535645,0.8455460071563721,1.1414397954940796,0.8988644480705261,0.8274650573730469
438,438,0.04080599546432495,,,,,,
439,439,,,0.42923539876937866,0.8454278111457825,1.143052577972412,0.898293137550354,0.8274650573730469
439,439,0.03993413969874382,,,,,,
440,440,,,0.43183231353759766,0.8462071418762207,1.1398975849151611,0.8985568284988403,0.8274650573730469
440,440,0.03996145725250244,,,,,,
441,441,,,0.4286087453365326,0.8456833958625793,1.1444839239120483,0.8990693092346191,0.8274650573730469
441,441,0.04057431221008301,,,,,,
442,442,,,0.43200185894966125,0.8465107679367065,1.1408238410949707,0.8995689749717712,0.8274650573730469
442,442,0.040521394461393356,,,,,,
443,443,,,0.4278600215911865,0.8463199138641357,1.1435933113098145,0.8984748125076294,0.8274650573730469
443,443,0.04008600488305092,,,,,,
444,444,,,0.4329743981361389,0.8470857739448547,1.142203450202942,0.9016796946525574,0.8274650573730469
444,444,0.040242671966552734,,,,,,
445,445,,,0.4262233078479767,0.8467977046966553,1.1446762084960938,0.8985090255737305,0.8274650573730469
445,445,0.041047677397727966,,,,,,
446,446,,,0.4356684982776642,0.8482275009155273,1.140440583229065,0.9032958745956421,0.8274650573730469
446,446,0.041474372148513794,,,,,,
447,447,,,0.4239429831504822,0.8468520641326904,1.1481304168701172,0.8994017243385315,0.8274650573730469
447,447,0.042352307587862015,,,,,,
448,448,,,0.4394243657588959,0.8496604561805725,1.137600064277649,0.9051756858825684,0.8274650573730469
448,448,0.04310298711061478,,,,,,
449,449,,0.04594797641038895,,,,,
449,449,,,0.4229241609573364,0.8471537232398987,1.1496697664260864,0.9000362157821655,0.8274650573730469
449,449,0.04594797641038895,,,,,,
450,450,,,0.43992236256599426,0.8501296639442444,1.1382253170013428,0.9063533544540405,0.8274650573730469
450,450,0.04575563594698906,,,,,,
451,451,,,0.4243728220462799,0.8476350903511047,1.1472883224487305,0.8997678160667419,0.8274650573730469
451,451,0.04715538024902344,,,,,,
452,452,,,0.4339706003665924,0.8487097024917603,1.1422462463378906,0.9037693738937378,0.8274650573730469
452,452,0.04400850087404251,,,,,,
453,453,,,0.4278053045272827,0.8479459881782532,1.1446688175201416,0.9005522727966309,0.8274650573730469
453,453,0.042241472750902176,,,,,,
454,454,,,0.4275650978088379,0.847710371017456,1.1457492113113403,0.9009383320808411,0.8274650573730469
454,454,0.04015042260289192,,,,,,
455,455,,,0.4318831264972687,0.8485851287841797,1.143227219581604,0.9028971195220947,0.8274650573730469
455,455,0.039363373070955276,,,,,,
456,456,,,0.4247611463069916,0.847910463809967,1.1474039554595947,0.9003440141677856,0.8274650573730469
456,456,0.03998241946101189,,,,,,
457,457,,,0.4340965449810028,0.8493469953536987,1.1422017812728882,0.9043639898300171,0.8274650573730469
457,457,0.04111345484852791,,,,,,
458,458,,,0.4252072274684906,0.8482593297958374,1.1470859050750732,0.9007205963134766,0.8274650573730469
458,458,0.04231059551239014,,,,,,
459,459,,,0.43130192160606384,0.8491254448890686,1.143665075302124,0.9032549858093262,0.8274650573730469
459,459,0.041552022099494934,,,,,,
460,460,,,0.4273553788661957,0.8487520813941956,1.1461561918258667,0.9019559621810913,0.8274650573730469
460,460,0.040516890585422516,,,,,,
461,461,,,0.4268583357334137,0.8489235043525696,1.1468193531036377,0.9022213816642761,0.8274650573730469
461,461,0.03940306603908539,,,,,,
462,462,,,0.42969176173210144,0.8495585322380066,1.1456025838851929,0.9038546085357666,0.8274650573730469
462,462,0.03904937207698822,,,,,,
463,463,,,0.42490488290786743,0.8490718007087708,1.1483829021453857,0.9021018743515015,0.8274650573730469
463,463,0.0393773652613163,,,,,,
464,464,,,0.43061360716819763,0.8499727845191956,1.1450802087783813,0.9044767618179321,0.8274650573730469
464,464,0.03988172858953476,,,,,,
465,465,,,0.4253617823123932,0.8492764234542847,1.148146629333496,0.902421236038208,0.8274650573730469
465,465,0.04032337665557861,,,,,,
466,466,,,0.4290376305580139,0.850059986114502,1.1456608772277832,0.9038695096969604,0.8274650573730469
466,466,0.04004967585206032,,,,,,
467,467,,,0.4266342520713806,0.8500032424926758,1.147823691368103,0.9036780595779419,0.8274650573730469
467,467,0.0394662469625473,,,,,,
468,468,,,0.42617976665496826,0.8503429889678955,1.1483501195907593,0.904021143913269,0.8274650573730469
468,468,0.03883273899555206,,,,,,
469,469,,,0.42780187726020813,0.8509958982467651,1.1477582454681396,0.9052700996398926,0.8274650573730469
469,469,0.038623422384262085,,,,,,
470,470,,,0.4245148003101349,0.8506883978843689,1.1505143642425537,0.9046866297721863,0.8274650573730469
470,470,0.0388701856136322,,,,,,
471,471,,,0.4283183515071869,0.8514919877052307,1.1476482152938843,0.9059673547744751,0.8274650573730469
471,471,0.03921545669436455,,,,,,
472,472,,,0.42467454075813293,0.8510226607322693,1.1501590013504028,0.9048303365707397,0.8274650573730469
472,472,0.03937240317463875,,,,,,
473,473,,,0.4274199903011322,0.8516300916671753,1.1484988927841187,0.9060605764389038,0.8274650573730469
473,473,0.03914448246359825,,,,,,
474,474,,,0.42549484968185425,0.8516627550125122,1.1495249271392822,0.9054886698722839,0.8274650573730469
474,474,0.03880276903510094,,,,,,
475,475,,,0.4255109429359436,0.8519793748855591,1.1504663228988647,0.9064232110977173,0.8274650573730469
475,475,0.03850124403834343,,,,,,
476,476,,,0.42609289288520813,0.8525083661079407,1.1501309871673584,0.9070345759391785,0.8274650573730469
476,476,0.03838995099067688,,,,,,
477,477,,,0.4241369068622589,0.8524928092956543,1.1517587900161743,0.9068253636360168,0.8274650573730469
477,477,0.038451794534921646,,,,,,
478,478,,,0.42650026082992554,0.8531020283699036,1.150540828704834,0.9081012010574341,0.8274650573730469
478,478,0.03858186677098274,,,,,,
479,479,,,0.4238889813423157,0.8528536558151245,1.1518075466156006,0.9069970846176147,0.8274650573730469
479,479,0.03868120536208153,,,,,,
480,480,,,0.4263054430484772,0.8533865809440613,1.1505961418151855,0.9082483053207397,0.8274650573730469
480,480,0.038636334240436554,,,,,,
481,481,,,0.4241279363632202,0.8532565236091614,1.1519635915756226,0.9076098203659058,0.8274650573730469
481,481,0.038498032838106155,,,,,,
482,482,,,0.4251391589641571,0.8537099361419678,1.1515778303146362,0.9084126353263855,0.8274650573730469
482,482,0.038294341415166855,,,,,,
483,483,,,0.42443081736564636,0.8538948893547058,1.1525458097457886,0.9087633490562439,0.8274650573730469
483,483,0.038144275546073914,,,,,,
484,484,,,0.4238568842411041,0.8541105389595032,1.1529676914215088,0.9088515043258667,0.8274650573730469
484,484,0.038092296570539474,,,,,,
485,485,,,0.4248751103878021,0.8544923663139343,1.152644395828247,0.9096415042877197,0.8274650573730469
485,485,0.038120489567518234,,,,,,
486,486,,,0.42324098944664,0.8543975949287415,1.1536073684692383,0.9091246724128723,0.8274650573730469
486,486,0.03817199170589447,,,,,,
487,487,,,0.4250936508178711,0.854887068271637,1.1525324583053589,0.9100475311279297,0.8274650573730469
487,487,0.03819148242473602,,,,,,
488,488,,,0.4230193793773651,0.8546920418739319,1.1540026664733887,0.9095010757446289,0.8274650573730469
488,488,0.03817293047904968,,,,,,
489,489,,,0.4246315360069275,0.8552334308624268,1.1530935764312744,0.9104195237159729,0.8274650573730469
489,489,0.038104843348264694,,,,,,
490,490,,,0.4228774607181549,0.8551206588745117,1.154654860496521,0.9102252125740051,0.8274650573730469
490,490,0.03802252933382988,,,,,,
491,491,,,0.4238740801811218,0.8555609583854675,1.153939962387085,0.9107751250267029,0.8274650573730469
491,491,0.03793312981724739,,,,,,
492,492,,,0.4230017066001892,0.8555577397346497,1.1549252271652222,0.9108700752258301,0.8274650573730469
492,492,0.03785800561308861,,,,,,
493,493,,,0.4232986867427826,0.8558018803596497,1.1544930934906006,0.9109767079353333,0.8274650573730469
493,493,0.037802912294864655,,,,,,
494,494,,,0.4232989251613617,0.8559674024581909,1.154769778251648,0.9113112688064575,0.8274650573730469
494,494,0.03777208551764488,,,,,,
495,495,,,0.4227408468723297,0.8560597896575928,1.1551828384399414,0.9113009572029114,0.8274650573730469
495,495,0.03776067867875099,,,,,,
496,496,,,0.42336365580558777,0.8564252853393555,1.1549161672592163,0.9118471741676331,0.8274650573730469
496,496,0.03775680437684059,,,,,,
497,497,,,0.42211592197418213,0.8564018607139587,1.1561037302017212,0.9118142127990723,0.8274650573730469
497,497,0.03774983063340187,,,,,,
498,498,,,0.4232388138771057,0.8568606376647949,1.1553317308425903,0.9124242663383484,0.8274650573730469
498,498,0.03773218020796776,,,,,,
499,499,,0.0377063974738121,,,,,
499,499,,,0.4217110276222229,0.8567296862602234,1.1566338539123535,0.9121912717819214,0.8274650573730469
499,499,0.0377063974738121,,,,,,
500,500,,,0.4231564402580261,0.8572032451629639,1.15559983253479,0.9128479361534119,0.8274650573730469
500,500,0.03767070919275284,,,,,,
501,501,,,0.42151138186454773,0.8570379018783569,1.1568613052368164,0.9124785661697388,0.8274650573730469
501,501,0.03763447701931,,,,,,
502,502,,,0.42299434542655945,0.8575476408004761,1.1559189558029175,0.9132552146911621,0.8274650573730469
502,502,0.03759370371699333,,,,,,
503,503,,,0.421243816614151,0.8574004173278809,1.1573724746704102,0.9129653573036194,0.8274650573730469
503,503,0.03755534067749977,,,,,,
504,504,,,0.42270344495773315,0.8579323291778564,1.1563842296600342,0.9137121438980103,0.8274650573730469
504,504,0.03751367703080177,,,,,,
505,505,,,0.42094314098358154,0.8577556014060974,1.1580164432525635,0.9135171175003052,0.8274650573730469
505,505,0.037476371973752975,,,,,,
506,506,,,0.4225156903266907,0.8582760095596313,1.1566448211669922,0.9140608310699463,0.8274650573730469
506,506,0.037439558655023575,,,,,,
507,507,,,0.4207133650779724,0.8580409288406372,1.158460021018982,0.913916826248169,0.8274650573730469
507,507,0.037409111857414246,,,,,,
508,508,,,0.4224647283554077,0.8586059212684631,1.156752109527588,0.9143832325935364,0.8274650573730469
508,508,0.03738115727901459,,,,,,
509,509,,,0.42037108540534973,0.8583308458328247,1.1589926481246948,0.9143076539039612,0.8274650573730469
509,509,0.03736085817217827,,,,,,
510,510,,,0.4224523603916168,0.8590186834335327,1.1569640636444092,0.914875864982605,0.8274650573730469
510,510,0.03734360635280609,,,,,,
511,511,,,0.41978883743286133,0.8586369752883911,1.1598389148712158,0.9147717952728271,0.8274650573730469
511,511,0.03733816370368004,,,,,,
512,512,,,0.4226653575897217,0.8594939112663269,1.1569747924804688,0.915433406829834,0.8274650573730469
512,512,0.037340614944696426,,,,,,
513,513,,,0.41901105642318726,0.8588553667068481,1.1608697175979614,0.9151606559753418,0.8274650573730469
513,513,0.03737223520874977,,,,,,
514,514,,,0.4233812093734741,0.8600184321403503,1.1564010381698608,0.9159644842147827,0.8274650573730469
514,514,0.03742533177137375,,,,,,
515,515,,,0.4179028272628784,0.8589615225791931,1.1622849702835083,0.9155046343803406,0.8274650573730469
515,515,0.03755994886159897,,,,,,
516,516,,,0.42478886246681213,0.8607192039489746,1.1552224159240723,0.9166942834854126,0.8274650573730469
516,516,0.03774407505989075,,,,,,
517,517,,,0.4162502884864807,0.8589887619018555,1.1645054817199707,0.9159894585609436,0.8274650573730469
517,517,0.038168467581272125,,,,,,
518,518,,,0.42730966210365295,0.8617303371429443,1.1531982421875,0.9178638458251953,0.8274650573730469
518,518,0.038661785423755646,,,,,,
519,519,,,0.4142448604106903,0.8589211106300354,1.1674211025238037,0.9166576862335205,0.8274650573730469
519,519,0.03984776511788368,,,,,,
520,520,,,0.43103697896003723,0.8629856109619141,1.1503242254257202,0.9194953441619873,0.8274650573730469
520,520,0.04080800339579582,,,,,,
521,521,,,0.4129239320755005,0.8588547110557556,1.1695888042449951,0.917260468006134,0.8274650573730469
521,521,0.04331536591053009,,,,,,
522,522,,,0.4327450394630432,0.8635611534118652,1.1491048336029053,0.9203207492828369,0.8274650573730469
522,522,0.043695468455553055,,,,,,
523,523,,,0.41394394636154175,0.8590801954269409,1.1682586669921875,0.917186439037323,0.8274650573730469
523,523,0.045617394149303436,,,,,,
524,524,,,0.42713120579719543,0.8621187210083008,1.1534243822097778,0.9182326197624207,0.8274650573730469
524,524,0.04310021549463272,,,,,,
525,525,,,0.41822513937950134,0.8600532412528992,1.1633102893829346,0.9173752069473267,0.8274650573730469
525,525,0.04110902547836304,,,,,,
526,526,,,0.41877415776252747,0.8603329658508301,1.1607834100723267,0.9162041544914246,0.8274650573730469
526,526,0.03870745748281479,,,,,,
527,527,,,0.42523279786109924,0.8620052933692932,1.157246708869934,0.9195147752761841,0.8274650573730469
527,527,0.037997886538505554,,,,,,
528,528,,,0.4142604470252991,0.8595527410507202,1.1655950546264648,0.9159178137779236,0.8274650573730469
528,528,0.03916144743561745,,,,,,
529,529,,,0.42973461747169495,0.8633095622062683,1.153127670288086,0.9208315014839172,0.8274650573730469
529,529,0.04027530923485756,,,,,,
530,530,,,0.41471973061561584,0.8595674633979797,1.1655373573303223,0.9161943197250366,0.8274650573730469
530,530,0.04194435477256775,,,,,,
531,531,,,0.42477643489837646,0.8620471358299255,1.1559406518936157,0.9183257818222046,0.8274650573730469
531,531,0.03992529213428497,,,,,,
532,532,,,0.41895192861557007,0.8607414364814758,1.1623469591140747,0.9177723526954651,0.8274650573730469
532,532,0.03864774852991104,,,,,,
533,533,,,0.4177611172199249,0.8607637286186218,1.1627163887023926,0.9172545671463013,0.8274650573730469
533,533,0.037903331220149994,,,,,,
534,534,,,0.4237250089645386,0.862097978591919,1.1584875583648682,0.9194402098655701,0.8274650573730469
534,534,0.038477085530757904,,,,,,
535,535,,,0.41558799147605896,0.8602438569068909,1.1653828620910645,0.9172404408454895,0.8274650573730469
535,535,0.03940916806459427,,,,,,
536,536,,,0.42374327778816223,0.8619146347045898,1.1571412086486816,0.9183517098426819,0.8274650573730469
536,536,0.03926389291882515,,,,,,
537,537,,,0.41802525520324707,0.860822856426239,1.162806749343872,0.9175453186035156,0.8274650573730469
537,537,0.03838077560067177,,,,,,
538,538,,,0.41884729266166687,0.8613466620445251,1.1614454984664917,0.9175863265991211,0.8274650573730469
538,538,0.03711749613285065,,,,,,
539,539,,,0.4217960238456726,0.86262047290802,1.1596992015838623,0.9194339513778687,0.8274650573730469
539,539,0.036635417491197586,,,,,,
540,540,,,0.41522297263145447,0.8614677786827087,1.1665103435516357,0.918841540813446,0.8274650573730469
540,540,0.0370064452290535,,,,,,
541,541,,,0.42278027534484863,0.8633258938789368,1.1586159467697144,0.9199439883232117,0.8274650573730469
541,541,0.037474822252988815,,,,,,
542,542,,,0.4161486029624939,0.8617733120918274,1.1658906936645508,0.9192812442779541,0.8274650573730469
542,542,0.037637755274772644,,,,,,
543,543,,,0.4198853075504303,0.8625357151031494,1.1607054471969604,0.9187816977500916,0.8274650573730469
543,543,0.03712853789329529,,,,,,
544,544,,,0.41981104016304016,0.8628300428390503,1.1618378162384033,0.9197804927825928,0.8274650573730469
544,544,0.036704327911138535,,,,,,
545,545,,,0.4159892499446869,0.8622763752937317,1.165702223777771,0.91947340965271,0.8274650573730469
545,545,0.03666865453124046,,,,,,
546,546,,,0.42205822467803955,0.8642489910125732,1.1595202684402466,0.9208836555480957,0.8274650573730469
546,546,0.03696984425187111,,,,,,
547,547,,,0.4145644009113312,0.8627851009368896,1.1686615943908691,0.9210543036460876,0.8274650573730469
547,547,0.03734152764081955,,,,,,
548,548,,,0.42116019129753113,0.8645234107971191,1.1598747968673706,0.9207625985145569,0.8274650573730469
548,548,0.03724252060055733,,,,,,
549,549,,0.037039391696453094,,,,,
549,549,,,0.41634225845336914,0.8634400367736816,1.1668394804000854,0.9215099811553955,0.8274650573730469
549,549,0.037039391696453094,,,,,,
550,550,,,0.41841205954551697,0.864055335521698,1.162790298461914,0.9205646514892578,0.8274650573730469
550,550,0.03672182559967041,,,,,,
551,551,,,0.41869980096817017,0.8643113374710083,1.1638813018798828,0.9217458367347717,0.8274650573730469
551,551,0.036636922508478165,,,,,,
552,552,,,0.41606971621513367,0.8640552759170532,1.16666579246521,0.921734094619751,0.8274650573730469
552,552,0.03673553466796875,,,,,,
553,553,,,0.4191988408565521,0.8649620413780212,1.1628804206848145,0.9219347834587097,0.8274650573730469
553,553,0.03685586526989937,,,,,,
554,554,,,0.41598233580589294,0.8645294904708862,1.1677517890930176,0.922851026058197,0.8274650573730469
554,554,0.03687291964888573,,,,,,
555,555,,,0.41801419854164124,0.8649960160255432,1.1637392044067383,0.9217755794525146,0.8274650573730469
555,555,0.03673268482089043,,,,,,
556,556,,,0.4177221357822418,0.8652553558349609,1.1657732725143433,0.9232378005981445,0.8274650573730469
556,556,0.0365692563354969,,,,,,
557,557,,,0.41605353355407715,0.8649390935897827,1.1664321422576904,0.9223181009292603,0.8274650573730469
557,557,0.03647495433688164,,,,,,
558,558,,,0.4191505014896393,0.8660882115364075,1.1637879610061646,0.9235107898712158,0.8274650573730469
558,558,0.03648539260029793,,,,,,
559,559,,,0.414574533700943,0.8651425838470459,1.1693241596221924,0.9235554933547974,0.8274650573730469
559,559,0.03658837452530861,,,,,,
560,560,,,0.41937926411628723,0.8665108680725098,1.163026213645935,0.9234918355941772,0.8274650573730469
560,560,0.03666463494300842,,,,,,
561,561,,,0.414584755897522,0.8653889298439026,1.1699141263961792,0.924191951751709,0.8274650573730469
561,561,0.036776911467313766,,,,,,
562,562,,,0.4187398850917816,0.8665137887001038,1.1635535955429077,0.9234370589256287,0.8274650573730469
562,562,0.03680391609668732,,,,,,
563,563,,,0.41541215777397156,0.8657890558242798,1.1687957048416138,0.9242938756942749,0.8274650573730469
563,563,0.03691881150007248,,,,,,
564,564,,,0.4175361394882202,0.8666778206825256,1.165772557258606,0.9243379831314087,0.8274650573730469
564,564,0.03707141429185867,,,,,,
565,565,,,0.4158671796321869,0.8663491606712341,1.1678590774536133,0.9244163036346436,0.8274650573730469
565,565,0.037372615188360214,,,,,,
566,566,,,0.41679537296295166,0.8670814633369446,1.1680511236190796,0.9258013963699341,0.8274650573730469
566,566,0.03780084848403931,,,,,,
567,567,,,0.41578900814056396,0.8665984272956848,1.1674269437789917,0.9242734313011169,0.8274650573730469
567,567,0.038383565843105316,,,,,,
568,568,,,0.4173431098461151,0.867494523525238,1.1684472560882568,0.9268033504486084,0.8274650573730469
568,568,0.03905303776264191,,,,,,
569,569,,,0.4151299297809601,0.8665363788604736,1.168017864227295,0.9241997003555298,0.8274650573730469
569,569,0.03980286046862602,,,,,,
570,570,,,0.41857659816741943,0.8680686354637146,1.1673638820648193,0.9273574352264404,0.8274650573730469
570,570,0.04040185734629631,,,,,,
571,571,,,0.4138428270816803,0.866584300994873,1.170152187347412,0.9248983263969421,0.8274650573730469
571,571,0.04088345915079117,,,,,,
572,572,,,0.41946741938591003,0.8686575293540955,1.165771722793579,0.9273386001586914,0.8274650573730469
572,572,0.04073009639978409,,,,,,
573,573,,,0.4128260910511017,0.8667654991149902,1.1720930337905884,0.9257583618164062,0.8274650573730469
573,573,0.04029260575771332,,,,,,
574,574,,,0.4193149507045746,0.8687083125114441,1.164489507675171,0.9263755679130554,0.8274650573730469
574,574,0.03906542435288429,,,,,,
575,575,,,0.41302281618118286,0.8670549392700195,1.1722074747085571,0.9262190461158752,0.8274650573730469
575,575,0.03786570951342583,,,,,,
576,576,,,0.41773802042007446,0.8682816028594971,1.1650140285491943,0.9253209829330444,0.8274650573730469
576,576,0.03660595789551735,,,,,,
577,577,,,0.41437146067619324,0.8677049875259399,1.1710774898529053,0.9268707036972046,0.8274650573730469
577,577,0.03590179607272148,,,,,,
578,578,,,0.4154628813266754,0.8679338693618774,1.1673873662948608,0.9251804351806641,0.8274650573730469
578,578,0.03573164716362953,,,,,,
579,579,,,0.4162110388278961,0.868627667427063,1.1696300506591797,0.9278638362884521,0.8274650573730469
579,579,0.036054786294698715,,,,,,
580,580,,,0.41383448243141174,0.8678464889526367,1.1694669723510742,0.9254958629608154,0.8274650573730469
580,580,0.0366513729095459,,,,,,
581,581,,,0.41764238476753235,0.8693959712982178,1.1685611009597778,0.9287258386611938,0.8274650573730469
581,581,0.037206295877695084,,,,,,
582,582,,,0.41344350576400757,0.8680413365364075,1.1697880029678345,0.9256325960159302,0.8274650573730469
582,582,0.03770163282752037,,,,,,
583,583,,,0.4174480438232422,0.8697302341461182,1.1692583560943604,0.9293784499168396,0.8274650573730469
583,583,0.037748321890830994,,,,,,
584,584,,,0.41430771350860596,0.8686262965202332,1.1682535409927368,0.925623893737793,0.8274650573730469
584,584,0.03786501660943031,,,,,,
585,585,,,0.41545960307121277,0.8696351051330566,1.1724356412887573,0.930223822593689,0.8274650573730469
585,585,0.03782740607857704,,,,,,
586,586,,,0.41662776470184326,0.8695357441902161,1.164650321006775,0.9254071116447449,0.8274650573730469
586,586,0.038443032652139664,,,,,,
587,587,,,0.4129491150379181,0.8694218397140503,1.1774420738220215,0.9319372177124023,0.8274650573730469
587,587,0.03974883258342743,,,,,,
588,588,,,0.42036956548690796,0.8706756830215454,1.1592302322387695,0.9250855445861816,0.8274650573730469
588,588,0.04240934178233147,,,,,,
589,589,,,0.41126498579978943,0.8694701194763184,1.1824513673782349,0.9344475269317627,0.8274650573730469
589,589,0.04625875875353813,,,,,,
590,590,,,0.42333757877349854,0.8714050650596619,1.1553258895874023,0.9249846339225769,0.8274650573730469
590,590,0.05048408731818199,,,,,,
591,591,,,0.4115447998046875,0.8692598342895508,1.181665062904358,0.9338871240615845,0.8274650573730469
591,591,0.053267139941453934,,,,,,
592,592,,,0.4201121926307678,0.8701267242431641,1.160232424736023,0.9251411557197571,0.8274650573730469
592,592,0.05089956149458885,,,,,,
593,593,,,0.4137742221355438,0.868837296962738,1.1725046634674072,0.9284651279449463,0.8274650573730469
593,593,0.0441981703042984,,,,,,
594,594,,,0.41346362233161926,0.8690524101257324,1.173385500907898,0.9290710687637329,0.8274650573730469
594,594,0.037273239344358444,,,,,,
595,595,,,0.41788285970687866,0.8701875805854797,1.1633018255233765,0.9258584976196289,0.8274650573730469
595,595,0.03542608767747879,,,,,,
596,596,,,0.41124147176742554,0.8692566752433777,1.1803086996078491,0.9327149391174316,0.8274650573730469
596,596,0.038778383284807205,,,,,,
597,597,,,0.4202579855918884,0.8702893853187561,1.1600717306137085,0.9252670407295227,0.8274650573730469
597,597,0.042638882994651794,,,,,,
598,598,,,0.4130454659461975,0.8684371113777161,1.174416184425354,0.9289957880973816,0.8274650573730469
598,598,0.04283510893583298,,,,,,
599,599,,0.03886335715651512,,,,,
599,599,,,0.415932297706604,0.8688974976539612,1.168347954750061,0.9270038604736328,0.8274650573730469
599,599,0.03886335715651512,,,,,,
600,600,,,0.4159623980522156,0.8693870902061462,1.1663782596588135,0.9260549545288086,0.8274650573730469
600,600,0.035468507558107376,,,,,,
601,601,,,0.4114900529384613,0.8693629503250122,1.1783301830291748,0.9315575957298279,0.8274650573730469
601,601,0.03591817617416382,,,,,,
602,602,,,0.4181792736053467,0.8706586360931396,1.1635149717330933,0.92661452293396,0.8274650573730469
602,602,0.03860434144735336,,,,,,
603,603,,,0.4118618965148926,0.8691039085388184,1.1761014461517334,0.9299900531768799,0.8274650573730469
603,603,0.03976466879248619,,,,,,
604,604,,,0.41683080792427063,0.8697025179862976,1.1667035818099976,0.9271360635757446,0.8274650573730469
604,604,0.03786509484052658,,,,,,
605,605,,,0.4148236811161041,0.8693577647209167,1.1683341264724731,0.9266551733016968,0.8274650573730469
605,605,0.03554269298911095,,,,,,
606,606,,,0.413023978471756,0.8697819709777832,1.1745864152908325,0.9302647709846497,0.8274650573730469
606,606,0.03531316667795181,,,,,,
607,607,,,0.41639742255210876,0.8708435893058777,1.1663991212844849,0.9276195168495178,0.8274650573730469
607,607,0.03680131956934929,,,,,,
608,608,,,0.41135117411613464,0.8700518012046814,1.1764369010925293,0.9307121634483337,0.8274650573730469
608,608,0.0376233346760273,,,,,,
609,609,,,0.415743350982666,0.8707724213600159,1.168626070022583,0.9286966323852539,0.8274650573730469
609,609,0.036665428429841995,,,,,,
610,610,,,0.4130936563014984,0.8700359463691711,1.1714463233947754,0.9283004403114319,0.8274650573730469
610,610,0.03531821817159653,,,,,,
611,611,,,0.4140515625476837,0.870587944984436,1.1723568439483643,0.9300580024719238,0.8274650573730469
611,611,0.03514493256807327,,,,,,
612,612,,,0.4147549867630005,0.8709613084793091,1.1689647436141968,0.9284432530403137,0.8274650573730469
612,612,0.035969190299510956,,,,,,
613,613,,,0.4122009575366974,0.8709677457809448,1.1747691631317139,0.9308779239654541,0.8274650573730469
613,613,0.03635358810424805,,,,,,
614,614,,,0.4143136739730835,0.8716546297073364,1.1710048913955688,0.9301965236663818,0.8274650573730469
614,614,0.03575903922319412,,,,,,
615,615,,,0.4121090769767761,0.8712374567985535,1.1736218929290771,0.9302352070808411,0.8274650573730469
615,615,0.03500547260046005,,,,,,
616,616,,,0.4138335883617401,0.8717409372329712,1.1726855039596558,0.9311457872390747,0.8274650573730469
616,616,0.03497149422764778,,,,,,
617,617,,,0.41321679949760437,0.8714601993560791,1.171704649925232,0.9297982454299927,0.8274650573730469
617,617,0.03548198938369751,,,,,,
618,618,,,0.4133191406726837,0.8717470765113831,1.1729710102081299,0.9310134649276733,0.8274650573730469
618,618,0.03568977490067482,,,,,,
619,619,,,0.413176566362381,0.8719717264175415,1.1726438999176025,0.9308815002441406,0.8274650573730469
619,619,0.035288214683532715,,,,,,
620,620,,,0.41252076625823975,0.8722105026245117,1.1733556985855103,0.9311612248420715,0.8274650573730469
620,620,0.03477872535586357,,,,,,
621,621,,,0.4127635955810547,0.8726699352264404,1.1742300987243652,0.932341456413269,0.8274650573730469
621,621,0.034732867032289505,,,,,,
622,622,,,0.41228070855140686,0.8725870847702026,1.1735870838165283,0.9314937591552734,0.8274650573730469
622,622,0.03505289927124977,,,,,,
623,623,,,0.4130294919013977,0.8728697896003723,1.1735637187957764,0.9322168827056885,0.8274650573730469
623,623,0.03522258624434471,,,,,,
624,624,,,0.4121357798576355,0.8726670742034912,1.1742043495178223,0.9319064021110535,0.8274650573730469
624,624,0.03501977026462555,,,,,,
625,625,,,0.41306591033935547,0.8730765581130981,1.1727663278579712,0.9318540692329407,0.8274650573730469
625,625,0.03469536826014519,,,,,,
626,626,,,0.4116860628128052,0.8731338977813721,1.1756279468536377,0.9330278635025024,0.8274650573730469
626,626,0.03459571301937103,,,,,,
627,627,,,0.4125126600265503,0.8735259175300598,1.1734585762023926,0.9323705434799194,0.8274650573730469
627,627,0.03473778814077377,,,,,,
628,628,,,0.4117112159729004,0.8736002445220947,1.1757171154022217,0.9335129261016846,0.8274650573730469
628,628,0.034861646592617035,,,,,,
629,629,,,0.41198602318763733,0.8736622929573059,1.174483299255371,0.9328700304031372,0.8274650573730469
629,629,0.034779977053403854,,,,,,
630,630,,,0.4122887849807739,0.8738132119178772,1.1742950677871704,0.9330669641494751,0.8274650573730469
630,630,0.03457839787006378,,,,,,
631,631,,,0.41148218512535095,0.8738022446632385,1.1757408380508423,0.9335545301437378,0.8274650573730469
631,631,0.03446551412343979,,,,,,
632,632,,,0.41243717074394226,0.874176561832428,1.1737319231033325,0.9330804347991943,0.8274650573730469
632,632,0.034511007368564606,,,,,,
633,633,,,0.41096681356430054,0.8741649389266968,1.1768851280212402,0.9343456625938416,0.8274650573730469
633,633,0.034602608531713486,,,,,,
634,634,,,0.41210266947746277,0.8745001554489136,1.1742922067642212,0.9335393309593201,0.8274650573730469
634,634,0.034604161977767944,,,,,,
635,635,,,0.4109348952770233,0.8743910789489746,1.1767423152923584,0.934419572353363,0.8274650573730469
635,635,0.03450216352939606,,,,,,
636,636,,,0.4118508994579315,0.8746344447135925,1.1749539375305176,0.9339608550071716,0.8274650573730469
636,636,0.03438987582921982,,,,,,
637,637,,,0.4111412763595581,0.874578058719635,1.1760352849960327,0.9342142343521118,0.8274650573730469
637,637,0.034354351460933685,,,,,,
638,638,,,0.4115358293056488,0.8748894929885864,1.1758124828338623,0.934586226940155,0.8274650573730469
638,638,0.03438544645905495,,,,,,
639,639,,,0.4109988212585449,0.8749159574508667,1.1760978698730469,0.9344589710235596,0.8274650573730469
639,639,0.034410133957862854,,,,,,
640,640,,,0.4111977517604828,0.8752124309539795,1.176477313041687,0.9351179599761963,0.8274650573730469
640,640,0.03437799960374832,,,,,,
641,641,,,0.41080373525619507,0.8751834034919739,1.1764944791793823,0.9348459839820862,0.8274650573730469
641,641,0.03430524840950966,,,,,,
642,642,,,0.41113632917404175,0.8753659725189209,1.1763709783554077,0.9351356029510498,0.8274650573730469
642,642,0.034241363406181335,,,,,,
643,643,,,0.41080155968666077,0.8753612637519836,1.176758885383606,0.9351877570152283,0.8274650573730469
643,643,0.03421885892748833,,,,,,
644,644,,,0.4110264480113983,0.8755127787590027,1.1762750148773193,0.9351227879524231,0.8274650573730469
644,644,0.03422662243247032,,,,,,
645,645,,,0.41072937846183777,0.8756633996963501,1.1771690845489502,0.9356957077980042,0.8274650573730469
645,645,0.034229427576065063,,,,,,
646,646,,,0.4106716215610504,0.875771164894104,1.1767425537109375,0.9354474544525146,0.8274650573730469
646,646,0.03420524671673775,,,,,,
647,647,,,0.41066884994506836,0.8759832382202148,1.1773706674575806,0.9360781311988831,0.8274650573730469
647,647,0.034160710871219635,,,,,,
648,648,,,0.41041895747184753,0.8759841322898865,1.177241325378418,0.935822606086731,0.8274650573730469
648,648,0.0341179184615612,,,,,,
649,649,,0.03409222513437271,,,,,
649,649,,,0.4107217490673065,0.8761804103851318,1.1771482229232788,0.9361259937286377,0.8274650573730469
649,649,0.03409222513437271,,,,,,
650,650,,,0.4102802276611328,0.8761802911758423,1.1777012348175049,0.9362302422523499,0.8274650573730469
650,650,0.03408258035778999,,,,,,
651,651,,,0.4106326401233673,0.87638920545578,1.1770870685577393,0.9362058639526367,0.8274650573730469
651,651,0.034075602889060974,,,,,,
652,652,,,0.41006770730018616,0.8764541149139404,1.1783019304275513,0.9367578029632568,0.8274650573730469
652,652,0.034059420228004456,,,,,,
653,653,,,0.41045933961868286,0.8766417503356934,1.177248477935791,0.936427116394043,0.8274650573730469
653,653,0.034032661467790604,,,,,,
654,654,,,0.40987539291381836,0.8766865730285645,1.1787230968475342,0.937134861946106,0.8274650573730469
654,654,0.034002579748630524,,,,,,
655,655,,,0.4104730784893036,0.8768714666366577,1.1772414445877075,0.9366313219070435,0.8274650573730469
655,655,0.033977311104536057,,,,,,
656,656,,,0.4096232056617737,0.8768434524536133,1.1790746450424194,0.9373571872711182,0.8274650573730469
656,656,0.03396126627922058,,,,,,
657,657,,,0.4106456935405731,0.8771679401397705,1.1771109104156494,0.9369104504585266,0.8274650573730469
657,657,0.03395300358533859,,,,,,
658,658,,,0.4090558588504791,0.8769962191581726,1.179897427558899,0.937706470489502,0.8274650573730469
658,658,0.033950768411159515,,,,,,
659,659,,,0.41105785965919495,0.877557098865509,1.176620364189148,0.937171220779419,0.8274650573730469
659,659,0.033954720944166183,,,,,,
660,660,,,0.40813589096069336,0.8770639896392822,1.1814018487930298,0.9382396936416626,0.8274650573730469
660,660,0.03397835046052933,,,,,,
661,661,,,0.41211074590682983,0.8779814839363098,1.1749930381774902,0.9370764493942261,0.8274650573730469
661,661,0.034034233540296555,,,,,,
662,662,,,0.4066830277442932,0.8769639134407043,1.1841150522232056,0.9391484260559082,0.8274650573730469
662,662,0.03418608382344246,,,,,,
663,663,,,0.4143449366092682,0.8785490989685059,1.1714504957199097,0.936532735824585,0.8274650573730469
663,663,0.03445024788379669,,,,,,
664,664,,,0.4042668640613556,0.8766273856163025,1.1892001628875732,0.9409412145614624,0.8274650573730469
664,664,0.03512420505285263,,,,,,
665,665,,,0.4188685119152069,0.8793286085128784,1.164846420288086,0.9355581402778625,0.8274650573730469
665,665,0.03604154661297798,,,,,,
666,666,,,0.4012768864631653,0.8757635951042175,1.1965068578720093,0.9435391426086426,0.8274650573730469
666,666,0.03863487392663956,,,,,,
667,667,,,0.4256994128227234,0.8797956109046936,1.1562517881393433,0.9345420598983765,0.8274650573730469
667,667,0.040452245622873306,,,,,,
668,668,,,0.4009697139263153,0.8744508624076843,1.1981070041656494,0.9433596134185791,0.8274650573730469
668,668,0.04670608043670654,,,,,,
669,669,,,0.42398732900619507,0.8781493306159973,1.1582852602005005,0.9333643913269043,0.8274650573730469
669,669,0.043890904635190964,,,,,,
670,670,,,0.4058150351047516,0.8747892379760742,1.1862311363220215,0.9382086992263794,0.8274650573730469
670,670,0.04416807368397713,,,,,,
671,671,,,0.4106898605823517,0.87610924243927,1.1791436672210693,0.9374665021896362,0.8274650573730469
671,671,0.03821330517530441,,,,,,
672,672,,,0.41515958309173584,0.8777673840522766,1.1697800159454346,0.9352067112922668,0.8274650573730469
672,672,0.03632154315710068,,,,,,
673,673,,,0.40274181962013245,0.8747372627258301,1.1946648359298706,0.9422547221183777,0.8274650573730469
673,673,0.0382203571498394,,,,,,
674,674,,,0.4243394732475281,0.8784835338592529,1.1592049598693848,0.9345405697822571,0.8274650573730469
674,674,0.04065702110528946,,,,,,
675,675,,,0.40553921461105347,0.8727440237998962,1.1852421760559082,0.9355427026748657,0.8274650573730469
675,675,0.044033508747816086,,,,,,
676,676,,,0.4156777560710907,0.8756588101387024,1.1730717420578003,0.9360474944114685,0.8274650573730469
676,676,0.03862856328487396,,,,,,
677,677,,,0.41344669461250305,0.8749412894248962,1.168239951133728,0.9305185675621033,0.8274650573730469
677,677,0.035984013229608536,,,,,,
678,678,,,0.4051703214645386,0.8748824000358582,1.1917201280593872,0.9418229460716248,0.8274650573730469
678,678,0.0362151600420475,,,,,,
679,679,,,0.4178963303565979,0.8763943910598755,1.163767695426941,0.9315855503082275,0.8274650573730469
679,679,0.03788203001022339,,,,,,
680,680,,,0.40674901008605957,0.8733687996864319,1.1844978332519531,0.9363372325897217,0.8274650573730469
680,680,0.03857778385281563,,,,,,
681,681,,,0.4132341742515564,0.8740676045417786,1.1739126443862915,0.9336404204368591,0.8274650573730469
681,681,0.03536020591855049,,,,,,
682,682,,,0.41452059149742126,0.8741451501846313,1.1671991348266602,0.9298015832901001,0.8274650573730469
682,682,0.033872537314891815,,,,,,
683,683,,,0.407342791557312,0.8742427825927734,1.1863417625427246,0.9388066530227661,0.8274650573730469
683,683,0.03490525484085083,,,,,,
684,684,,,0.4146011769771576,0.8757330179214478,1.1683077812194824,0.9320204257965088,0.8274650573730469
684,684,0.03588930517435074,,,,,,
685,685,,,0.4084835648536682,0.8751237988471985,1.1813315153121948,0.9367262125015259,0.8274650573730469
685,685,0.035545893013477325,,,,,,
686,686,,,0.4093904197216034,0.875001847743988,1.1799328327178955,0.936213493347168,0.8274650573730469
686,686,0.03419812023639679,,,,,,
687,687,,,0.4140138030052185,0.8756045699119568,1.1694490909576416,0.9323269724845886,0.8274650573730469
687,687,0.034140653908252716,,,,,,
688,688,,,0.4077990651130676,0.8745334148406982,1.1838754415512085,0.9375871419906616,0.8274650573730469
688,688,0.03505447134375572,,,,,,
689,689,,,0.41282808780670166,0.8757229447364807,1.1720221042633057,0.9334695935249329,0.8274650573730469
689,689,0.034965626895427704,,,,,,
690,690,,,0.4100067615509033,0.8758679032325745,1.1776328086853027,0.93572998046875,0.8274650573730469
690,690,0.034065984189510345,,,,,,
691,691,,,0.4077533185482025,0.8763394355773926,1.1834617853164673,0.9388329982757568,0.8274650573730469
691,691,0.03342998027801514,,,,,,
692,692,,,0.4123566150665283,0.8773505091667175,1.172359824180603,0.9348167181015015,0.8274650573730469
692,692,0.03381720557808876,,,,,,
693,693,,,0.407561331987381,0.8767136931419373,1.1845873594284058,0.9398409724235535,0.8274650573730469
693,693,0.034392282366752625,,,,,,
694,694,,,0.41092246770858765,0.8770193457603455,1.1754173040390015,0.9357564449310303,0.8274650573730469
694,694,0.03411763906478882,,,,,,
695,695,,,0.410861998796463,0.87728351354599,1.1769261360168457,0.9370216727256775,0.8274650573730469
695,695,0.0335838720202446,,,,,,
696,696,,,0.40755265951156616,0.8773365616798401,1.1835519075393677,0.9396361708641052,0.8274650573730469
696,696,0.03344457224011421,,,,,,
697,697,,,0.4115053713321686,0.8784775137901306,1.1745105981826782,0.9367676973342896,0.8274650573730469
697,697,0.03376459330320358,,,,,,
698,698,,,0.4072992205619812,0.8784435987472534,1.184981107711792,0.9414622187614441,0.8274650573730469
698,698,0.03401216119527817,,,,,,
699,699,,0.03375811502337456,,,,,
699,699,,,0.4090822637081146,0.878507673740387,1.178592562675476,0.9381113052368164,0.8274650573730469
699,699,0.03375811502337456,,,,,,
700,700,,,0.4102932810783386,0.8791503310203552,1.179008960723877,0.9397639036178589,0.8274650573730469
700,700,0.033422715961933136,,,,,,
701,701,,,0.4068779945373535,0.878432035446167,1.1835291385650635,0.9401366114616394,0.8274650573730469
701,701,0.03337056189775467,,,,,,
702,702,,,0.41116827726364136,0.8798598647117615,1.1766434907913208,0.939272403717041,0.8274650573730469
702,702,0.03352116048336029,,,,,,
703,703,,,0.40667375922203064,0.8793642520904541,1.1845759153366089,0.941568911075592,0.8274650573730469
703,703,0.03359617665410042,,,,,,
704,704,,,0.4086211621761322,0.8801127672195435,1.180601716041565,0.940648078918457,0.8274650573730469
704,704,0.033389750868082047,,,,,,
705,705,,,0.4086478650569916,0.8802459836006165,1.1810060739517212,0.9410712718963623,0.8274650573730469
705,705,0.03319002315402031,,,,,,
706,706,,,0.4065845310688019,0.879866898059845,1.1842979192733765,0.9417511224746704,0.8274650573730469
706,706,0.03315507620573044,,,,,,
707,707,,,0.41007688641548157,0.8805897831916809,1.178330421447754,0.9403971433639526,0.8274650573730469
707,707,0.03325376287102699,,,,,,
708,708,,,0.40650999546051025,0.8801218867301941,1.1845234632492065,0.9420875310897827,0.8274650573730469
708,708,0.033323097974061966,,,,,,
709,709,,,0.4086420238018036,0.8808451294898987,1.1806877851486206,0.9413644075393677,0.8274650573730469
709,709,0.0332205630838871,,,,,,
710,710,,,0.40766093134880066,0.88102787733078,1.1824647188186646,0.9421553015708923,0.8274650573730469
710,710,0.033075183629989624,,,,,,
711,711,,,0.4065212905406952,0.8809986114501953,1.1844265460968018,0.9427930116653442,0.8274650573730469
711,711,0.03300723806023598,,,,,,
712,712,,,0.4088703691959381,0.8815455436706543,1.1804107427597046,0.9419295191764832,0.8274650573730469
712,712,0.033043019473552704,,,,,,
713,713,,,0.4060811698436737,0.8809719085693359,1.1851180791854858,0.9429795742034912,0.8274650573730469
713,713,0.033099815249443054,,,,,,
714,714,,,0.40859541296958923,0.8815640211105347,1.1809285879135132,0.9421361684799194,0.8274650573730469
714,714,0.03308241441845894,,,,,,
715,715,,,0.40682724118232727,0.8813820481300354,1.183643102645874,0.9427664875984192,0.8274650573730469
715,715,0.033009160310029984,,,,,,
716,716,,,0.4069281816482544,0.8817042112350464,1.1838734149932861,0.9432796835899353,0.8274650573730469
716,716,0.0329277329146862,,,,,,
717,717,,,0.40768852829933167,0.8820624947547913,1.1821948289871216,0.9428868293762207,0.8274650573730469
717,717,0.032902561128139496,,,,,,
718,718,,,0.4059082269668579,0.8818243145942688,1.185575008392334,0.9439423084259033,0.8274650573730469
718,718,0.03292539343237877,,,,,,
719,719,,,0.4080791473388672,0.8823288679122925,1.1817535161972046,0.9430595636367798,0.8274650573730469
719,719,0.032942868769168854,,,,,,
720,720,,,0.4061747193336487,0.8819292187690735,1.184796690940857,0.9436489343643188,0.8274650573730469
720,720,0.0329299122095108,,,,,,
721,721,,,0.40740296244621277,0.8824549913406372,1.1832482814788818,0.9437994956970215,0.8274650573730469
721,721,0.03288518637418747,,,,,,
722,722,,,0.4067489504814148,0.8823518753051758,1.1834862232208252,0.9434535503387451,0.8274650573730469
722,722,0.03284972906112671,,,,,,
723,723,,,0.4063207507133484,0.8827139139175415,1.1854698657989502,0.944915235042572,0.8274650573730469
723,723,0.03284929692745209,,,,,,
724,724,,,0.40714842081069946,0.8826921582221985,1.1825966835021973,0.9433750510215759,0.8274650573730469
724,724,0.032890889793634415,,,,,,
725,725,,,0.40607476234436035,0.8829042315483093,1.1861820220947266,0.9454337954521179,0.8274650573730469
725,725,0.032960373908281326,,,,,,
726,726,,,0.40711280703544617,0.882731020450592,1.182520866394043,0.9433317184448242,0.8274650573730469
726,726,0.033059414476156235,,,,,,
727,727,,,0.406551718711853,0.8833128809928894,1.18577241897583,0.9458085894584656,0.8274650573730469
727,727,0.0332183875143528,,,,,,
728,728,,,0.4064154028892517,0.882844090461731,1.1836895942687988,0.9438142776489258,0.8274650573730469
728,728,0.03351746127009392,,,,,,
729,729,,,0.40728703141212463,0.8841436505317688,1.1855708360671997,0.9468727111816406,0.8274650573730469
729,729,0.03405313566327095,,,,,,
730,730,,,0.4059574604034424,0.8830034732818604,1.1846109628677368,0.9443172812461853,0.8274650573730469
730,730,0.03507526218891144,,,,,,
731,731,,,0.4085346460342407,0.8852409720420837,1.1860404014587402,0.9489893913269043,0.8274650573730469
731,731,0.03671212121844292,,,,,,
732,732,,,0.4067493677139282,0.8832176327705383,1.1838560104370117,0.9444788098335266,0.8274650573730469
732,732,0.03965672850608826,,,,,,
733,733,,,0.4101236164569855,0.8868259191513062,1.1879912614822388,0.9528284072875977,0.8274650573730469
733,733,0.04342223331332207,,,,,,
734,734,,,0.40847325325012207,0.883653998374939,1.1816526651382446,0.9444084763526917,0.8274650573730469
734,734,0.04905019327998161,,,,,,
735,735,,,0.40979522466659546,0.8873618245124817,1.1905488967895508,0.9549274444580078,0.8274650573730469
735,735,0.05179009586572647,,,,,,
736,736,,,0.40892037749290466,0.8832663297653198,1.1788336038589478,0.9423457384109497,0.8274650573730469
736,736,0.05212888866662979,,,,,,
737,737,,,0.4059908390045166,0.8842774033546448,1.1899617910385132,0.9493047595024109,0.8274650573730469
737,737,0.04433108866214752,,,,,,
738,738,,,0.40847155451774597,0.883378267288208,1.1800144910812378,0.9429938793182373,0.8274650573730469
738,738,0.036276306957006454,,,,,,
739,739,,,0.4056280255317688,0.8827691674232483,1.1864237785339355,0.9451989531517029,0.8274650573730469
739,739,0.033150188624858856,,,,,,
740,740,,,0.408385306596756,0.8852012753486633,1.1865748167037964,0.9492406845092773,0.8274650573730469
740,740,0.03629149869084358,,,,,,
741,741,,,0.40771007537841797,0.8831023573875427,1.1811728477478027,0.9430823922157288,0.8274650573730469
741,741,0.04071803763508797,,,,,,
742,742,,,0.40567150712013245,0.8842994570732117,1.1910474300384521,0.949899435043335,0.8274650573730469
742,742,0.04035937413573265,,,,,,
743,743,,,0.4087204337120056,0.8830318450927734,1.1777299642562866,0.9412217140197754,0.8274650573730469
743,743,0.036715324968099594,,,,,,
744,744,,,0.40480944514274597,0.8827770948410034,1.1897053718566895,0.9470357298851013,0.8274650573730469
744,744,0.03378424793481827,,,,,,
745,745,,,0.4081295132637024,0.8841987252235413,1.1829471588134766,0.9455891847610474,0.8274650573730469
745,745,0.034438177943229675,,,,,,
746,746,,,0.40623390674591064,0.8832570314407349,1.1844146251678467,0.9445786476135254,0.8274650573730469
746,746,0.036408431828022,,,,,,
747,747,,,0.4050353467464447,0.8842930793762207,1.1904172897338867,0.9490269422531128,0.8274650573730469
747,747,0.036201462149620056,,,,,,
748,748,,,0.4082522690296173,0.8834266662597656,1.178403377532959,0.9417428374290466,0.8274650573730469
748,748,0.03446526080369949,,,,,,
749,749,,0.03367101028561592,,,,,
749,749,,,0.40471121668815613,0.8831600546836853,1.1910901069641113,0.9483063220977783,0.8274650573730469
749,749,0.03367101028561592,,,,,,
750,750,,,0.40881142020225525,0.8837882280349731,1.1797144412994385,0.9433619379997253,0.8274650573730469
750,750,0.034491561353206635,,,,,,
751,751,,,0.4058063328266144,0.8834509253501892,1.1862335205078125,0.9457765817642212,0.8274650573730469
751,751,0.03505907952785492,,,,,,
752,752,,,0.4051661193370819,0.884598433971405,1.1885942220687866,0.9480673670768738,0.8274650573730469
752,752,0.03399331122636795,,,,,,
753,753,,,0.4070564806461334,0.8846476078033447,1.1811376810073853,0.9439893364906311,0.8274650573730469
753,753,0.03288628160953522,,,,,,
754,754,,,0.40370479226112366,0.8846204876899719,1.1929665803909302,0.9502934813499451,0.8274650573730469
754,754,0.033229582011699677,,,,,,
755,755,,,0.40818020701408386,0.8846839666366577,1.1796433925628662,0.9436861872673035,0.8274650573730469
755,755,0.03426544368267059,,,,,,
756,756,,,0.40480008721351624,0.8841883540153503,1.1890790462493896,0.9478185176849365,0.8274650573730469
756,756,0.034369081258773804,,,,,,
757,757,,,0.4057177007198334,0.8845797181129456,1.1857304573059082,0.94635009765625,0.8274650573730469
757,757,0.033129412680864334,,,,,,
758,758,,,0.40605658292770386,0.8851649165153503,1.184272289276123,0.9460387825965881,0.8274650573730469
758,758,0.0322771854698658,,,,,,
759,759,,,0.4034193158149719,0.8853079676628113,1.1923837661743164,0.9502931833267212,0.8274650573730469
759,759,0.03271496295928955,,,,,,
760,760,,,0.40700459480285645,0.8856400847434998,1.1819018125534058,0.9453758001327515,0.8274650573730469
760,760,0.03350823000073433,,,,,,
761,761,,,0.4039054214954376,0.8852582573890686,1.1912635564804077,0.9497551321983337,0.8274650573730469
761,761,0.033538542687892914,,,,,,
762,762,,,0.4064704477787018,0.8851755857467651,1.1835304498672485,0.9457854628562927,0.8274650573730469
762,762,0.032837867736816406,,,,,,
763,763,,,0.405312180519104,0.8856204748153687,1.1870375871658325,0.9479419589042664,0.8274650573730469
763,763,0.032433122396469116,,,,,,
764,764,,,0.4043489992618561,0.8857723474502563,1.1891906261444092,0.9490007758140564,0.8274650573730469
764,764,0.032558027654886246,,,,,,
765,765,,,0.4056229591369629,0.8863380551338196,1.1850485801696777,0.9473474621772766,0.8274650573730469
765,765,0.032740648835897446,,,,,,
766,766,,,0.40331727266311646,0.8863111138343811,1.1917036771774292,0.950620174407959,0.8274650573730469
766,766,0.03263448551297188,,,,,,
767,767,,,0.4058907628059387,0.8860970735549927,1.1842350959777832,0.9467254281044006,0.8274650573730469
767,767,0.032439421862363815,,,,,,
768,768,,,0.40417811274528503,0.8863056302070618,1.1898950338363647,0.9498674273490906,0.8274650573730469
768,768,0.03250462934374809,,,,,,
769,769,,,0.4053126871585846,0.8861716985702515,1.1860026121139526,0.9476843476295471,0.8274650573730469
769,769,0.032653387635946274,,,,,,
770,770,,,0.40438106656074524,0.886805534362793,1.1885292530059814,0.949455976486206,0.8274650573730469
770,770,0.03253321349620819,,,,,,
771,771,,,0.4038420021533966,0.8870429992675781,1.1894482374191284,0.9499784708023071,0.8274650573730469
771,771,0.03220689669251442,,,,,,
772,772,,,0.4045342206954956,0.8871474266052246,1.1874830722808838,0.9491040706634521,0.8274650573730469
772,772,0.032035958021879196,,,,,,
773,773,,,0.403622567653656,0.8872843384742737,1.190598726272583,0.9508785009384155,0.8274650573730469
773,773,0.03215908259153366,,,,,,
774,774,,,0.40524622797966003,0.8869253396987915,1.1858872175216675,0.9482227563858032,0.8274650573730469
774,774,0.032360419631004333,,,,,,
775,775,,,0.40370625257492065,0.8872072100639343,1.1905696392059326,0.9508436322212219,0.8274650573730469
775,775,0.03238280862569809,,,,,,
776,776,,,0.40485918521881104,0.8873199224472046,1.1866490840911865,0.9488672018051147,0.8274650573730469
776,776,0.03221392259001732,,,,,,
777,777,,,0.4033690094947815,0.8876372575759888,1.1907497644424438,0.9511352181434631,0.8274650573730469
777,777,0.03205043822526932,,,,,,
778,778,,,0.40400445461273193,0.8879392743110657,1.188801646232605,0.9504088163375854,0.8274650573730469
778,778,0.032021183520555496,,,,,,
779,779,,,0.4037906527519226,0.8878099918365479,1.1893248558044434,0.9505333304405212,0.8274650573730469
779,779,0.03204746171832085,,,,,,
780,780,,,0.4036243259906769,0.8879413604736328,1.1901586055755615,0.9511423707008362,0.8274650573730469
780,780,0.0320148766040802,,,,,,
781,781,,,0.4044516384601593,0.887895941734314,1.187523365020752,0.9497401118278503,0.8274650573730469
781,781,0.03195091336965561,,,,,,
782,782,,,0.40305227041244507,0.888123631477356,1.1915849447250366,0.9519625902175903,0.8274650573730469
782,782,0.03193461894989014,,,,,,
783,783,,,0.40430161356925964,0.8884057998657227,1.187664270401001,0.950194776058197,0.8274650573730469
783,783,0.03197278082370758,,,,,,
784,784,,,0.4026360511779785,0.8884945511817932,1.1922283172607422,0.9524863958358765,0.8274650573730469
784,784,0.03200537711381912,,,,,,
785,785,,,0.4040223956108093,0.8886187076568604,1.1883978843688965,0.9507300853729248,0.8274650573730469
785,785,0.03196549415588379,,,,,,
786,786,,,0.403004914522171,0.888561487197876,1.1911110877990723,0.9519771337509155,0.8274650573730469
786,786,0.0318785198032856,,,,,,
787,787,,,0.4037516117095947,0.8886419534683228,1.1892998218536377,0.9512248039245605,0.8274650573730469
787,787,0.031808532774448395,,,,,,
788,788,,,0.4033142030239105,0.8888419270515442,1.1901607513427734,0.9517393708229065,0.8274650573730469
788,788,0.03179013729095459,,,,,,
789,789,,,0.4030839800834656,0.8890278935432434,1.1908351182937622,0.9522413015365601,0.8274650573730469
789,789,0.03179199621081352,,,,,,
790,790,,,0.40330272912979126,0.8892384767532349,1.1899585723876953,0.9519368410110474,0.8274650573730469
790,790,0.031778428703546524,,,,,,
791,791,,,0.40269267559051514,0.8892989158630371,1.1916710138320923,0.9528316259384155,0.8274650573730469
791,791,0.03174690902233124,,,,,,
792,792,,,0.4034949243068695,0.8892894387245178,1.1895352602005005,0.9518010020256042,0.8274650573730469
792,792,0.03172195702791214,,,,,,
793,793,,,0.40262627601623535,0.8893989324569702,1.1918779611587524,0.9530265927314758,0.8274650573730469
793,793,0.03172565624117851,,,,,,
794,794,,,0.40349844098091125,0.8894379138946533,1.189471960067749,0.9518890380859375,0.8274650573730469
794,794,0.031748659908771515,,,,,,
795,795,,,0.4023187458515167,0.8897315859794617,1.1925580501556396,0.9536138772964478,0.8274650573730469
795,795,0.03176970034837723,,,,,,
796,796,,,0.40330564975738525,0.8897733688354492,1.1896889209747314,0.9522175788879395,0.8274650573730469
796,796,0.03178877383470535,,,,,,
797,797,,,0.4021243155002594,0.8900183439254761,1.1931474208831787,0.9541681408882141,0.8274650573730469
797,797,0.03184133023023605,,,,,,
798,798,,,0.40341049432754517,0.8899199962615967,1.189366340637207,0.9521825909614563,0.8274650573730469
798,798,0.031982097774744034,,,,,,
799,799,,0.03230426833033562,,,,,
799,799,,,0.40215370059013367,0.8902564644813538,1.193543791770935,0.9546841382980347,0.8274650573730469
799,799,0.03230426833033562,,,,,,
800,800,,,0.40352916717529297,0.8901222348213196,1.1892048120498657,0.9523218870162964,0.8274650573730469
800,800,0.03296929970383644,,,,,,
801,801,,,0.40210139751434326,0.8909016847610474,1.1946556568145752,0.9560258388519287,0.8274650573730469
801,801,0.034317612648010254,,,,,,
802,802,,,0.4038112759590149,0.8906153440475464,1.1896525621414185,0.9532631039619446,0.8274650573730469
802,802,0.03701435774564743,,,,,,
803,803,,,0.40258586406707764,0.8921067714691162,1.1966297626495361,0.9588350057601929,0.8274650573730469
803,803,0.04217451438307762,,,,,,
804,804,,,0.4049738645553589,0.8915327787399292,1.1910476684570312,0.9558336734771729,0.8274650573730469
804,804,0.051011957228183746,,,,,,
805,805,,,0.40421417355537415,0.8934076428413391,1.1974108219146729,0.9616068601608276,0.8274650573730469
805,805,0.06277716159820557,,,,,,
806,806,,,0.4041053354740143,0.8916873931884766,1.1935179233551025,0.957192063331604,0.8274650573730469
806,806,0.0705244392156601,,,,,,
807,807,,,0.4046977460384369,0.8917375206947327,1.1903915405273438,0.955363392829895,0.8274650573730469
807,807,0.06299436092376709,,,,,,
808,808,,,0.4002983868122101,0.8906832933425903,1.1978206634521484,0.9569673538208008,0.8274650573730469
808,808,0.042710453271865845,,,,,,
809,809,,,0.40625306963920593,0.8911667466163635,1.1851882934570312,0.9521242380142212,0.8274650573730469
809,809,0.03227582201361656,,,,,,
810,810,,,0.40091389417648315,0.8920784592628479,1.2015609741210938,0.961315393447876,0.8274650573730469
810,810,0.041404202580451965,,,,,,
811,811,,,0.40563535690307617,0.8908664584159851,1.1865028142929077,0.9524009823799133,0.8274650573730469
811,811,0.05058302730321884,,,,,,
812,812,,,0.4029510021209717,0.890504777431488,1.1929190158843994,0.9549660682678223,0.8274650573730469
812,812,0.043209224939346313,,,,,,
813,813,,,0.401506632566452,0.8908101320266724,1.1958107948303223,0.9563983082771301,0.8274650573730469
813,813,0.03217674791812897,,,,,,
814,814,,,0.40530192852020264,0.8913542628288269,1.1874772310256958,0.9533171057701111,0.8274650573730469
814,814,0.03568574786186218,,,,,,
815,815,,,0.4007039964199066,0.8915780186653137,1.199180006980896,0.9590065479278564,0.8274650573730469
815,815,0.042968470603227615,,,,,,
816,816,,,0.4040387272834778,0.8906424641609192,1.1879777908325195,0.9522286057472229,0.8274650573730469
816,816,0.03827685862779617,,,,,,
817,817,,,0.40274354815483093,0.8903974294662476,1.193078875541687,0.954852819442749,0.8274650573730469
817,817,0.03194521367549896,,,,,,
818,818,,,0.4029906690120697,0.8910921216011047,1.1931016445159912,0.955643892288208,0.8274650573730469
818,818,0.03563261032104492,,,,,,
819,819,,,0.4026646018028259,0.8906377553939819,1.1912235021591187,0.9536755681037903,0.8274650573730469
819,819,0.038684166967868805,,,,,,
820,820,,,0.40252450108528137,0.8909354209899902,1.1928730010986328,0.9550394415855408,0.8274650573730469
820,820,0.03380495682358742,,,,,,
821,821,,,0.401974081993103,0.8911112546920776,1.1934599876403809,0.9552651643753052,0.8274650573730469
821,821,0.031837109476327896,,,,,,
822,822,,,0.4023163914680481,0.8907790184020996,1.1928287744522095,0.9547350406646729,0.8274650573730469
822,822,0.03560726344585419,,,,,,
823,823,,,0.40341711044311523,0.8908295631408691,1.1904762983322144,0.9537919759750366,0.8274650573730469
823,823,0.03523050248622894,,,,,,
824,824,,,0.4010101854801178,0.8905982971191406,1.1950112581253052,0.9553132653236389,0.8274650573730469
824,824,0.03174377977848053,,,,,,
825,825,,,0.403827428817749,0.8910055756568909,1.189828634262085,0.9537460803985596,0.8274650573730469
825,825,0.03286585584282875,,,,,,
826,826,,,0.4013410806655884,0.8911463022232056,1.1943268775939941,0.9555160403251648,0.8274650573730469
826,826,0.03468930721282959,,,,,,
827,827,,,0.40149128437042236,0.8912782669067383,1.193760871887207,0.9553202390670776,0.8274650573730469
827,827,0.03242892399430275,,,,,,
828,828,,,0.4030721187591553,0.8912987112998962,1.1908433437347412,0.9542496800422668,0.8274650573730469
828,828,0.03144523873925209,,,,,,
829,829,,,0.4008444547653198,0.8912941813468933,1.1956608295440674,0.9562936425209045,0.8274650573730469
829,829,0.03335195407271385,,,,,,
830,830,,,0.40289387106895447,0.8912948966026306,1.1907577514648438,0.9540696740150452,0.8274650573730469
830,830,0.03299331292510033,,,,,,
831,831,,,0.4017528295516968,0.8913092017173767,1.1935498714447021,0.9553632736206055,0.8274650573730469
831,831,0.03130418062210083,,,,,,
832,832,,,0.4017775058746338,0.8918257355690002,1.1935244798660278,0.9558187127113342,0.8274650573730469
832,832,0.03205280378460884,,,,,,
833,833,,,0.40165117383003235,0.891814649105072,1.1933318376541138,0.9555885195732117,0.8274650573730469
833,833,0.032803814858198166,,,,,,
834,834,,,0.401731014251709,0.8921083807945251,1.1935365200042725,0.9560482501983643,0.8274650573730469
834,834,0.03158411383628845,,,,,,
835,835,,,0.4014032781124115,0.8921191692352295,1.1937638521194458,0.9560114741325378,0.8274650573730469
835,835,0.03128926828503609,,,,,,
836,836,,,0.4016919732093811,0.892136812210083,1.1938936710357666,0.956306517124176,0.8274650573730469
836,836,0.03220376744866371,,,,,,
837,837,,,0.4020356833934784,0.8922854661941528,1.1923514604568481,0.9555452466011047,0.8274650573730469
837,837,0.03185602277517319,,,,,,
838,838,,,0.4006759822368622,0.8924629092216492,1.1955498456954956,0.9571417570114136,0.8274650573730469
838,838,0.031132426112890244,,,,,,
839,839,,,0.4021713137626648,0.892809271812439,1.1926305294036865,0.9562989473342896,0.8274650573730469
839,839,0.03159362077713013,,,,,,
840,840,,,0.40057873725891113,0.8927673697471619,1.1950490474700928,0.9569872617721558,0.8274650573730469
840,840,0.03180735558271408,,,,,,
841,841,,,0.40133288502693176,0.8931514024734497,1.1945624351501465,0.9574599862098694,0.8274650573730469
841,841,0.03119068406522274,,,,,,
842,842,,,0.40136560797691345,0.8929792642593384,1.1934821605682373,0.9565470814704895,0.8274650573730469
842,842,0.03117738850414753,,,,,,
843,843,,,0.40083369612693787,0.8932517766952515,1.1952475309371948,0.9577245116233826,0.8274650573730469
843,843,0.031561389565467834,,,,,,
844,844,,,0.401298850774765,0.8933928608894348,1.194034457206726,0.9572708010673523,0.8274650573730469
844,844,0.03128316253423691,,,,,,
845,845,,,0.4006764888763428,0.8934791684150696,1.1949621438980103,0.9576191902160645,0.8274650573730469
845,845,0.030997110530734062,,,,,,
846,846,,,0.40099233388900757,0.8938789963722229,1.1949000358581543,0.9581320285797119,0.8274650573730469
846,846,0.031267791986465454,,,,,,
847,847,,,0.4003412127494812,0.8937297463417053,1.1955534219741821,0.9580549597740173,0.8274650573730469
847,847,0.03130398318171501,,,,,,
848,848,,,0.40115511417388916,0.8939858675003052,1.1942905187606812,0.9578906297683716,0.8274650573730469
848,848,0.030985558405518532,,,,,,
849,849,,0.031011385843157768,,,,,
849,849,,,0.40019240975379944,0.8939575552940369,1.1960761547088623,0.9585405588150024,0.8274650573730469
849,849,0.031011385843157768,,,,,,
850,850,,,0.4009271562099457,0.8941712379455566,1.194664716720581,0.9581798315048218,0.8274650573730469
850,850,0.031187979504466057,,,,,,
851,851,,,0.4003527760505676,0.8942351341247559,1.195561170578003,0.9585170745849609,0.8274650573730469
851,851,0.03102715127170086,,,,,,
852,852,,,0.4002772569656372,0.8945149183273315,1.1960595846176147,0.9590785503387451,0.8274650573730469
852,852,0.03087793104350567,,,,,,
853,853,,,0.40049248933792114,0.8945404887199402,1.195217251777649,0.9586293697357178,0.8274650573730469
853,853,0.030999090522527695,,,,,,
854,854,,,0.4001085162162781,0.8946431279182434,1.196258544921875,0.9592286348342896,0.8274650573730469
854,854,0.03101283684372902,,,,,,
855,855,,,0.4004261791706085,0.8947685360908508,1.195583462715149,0.959054708480835,0.8274650573730469
855,855,0.03085692785680294,,,,,,
856,856,,,0.40007394552230835,0.8947327733039856,1.196047306060791,0.9591332674026489,0.8274650573730469
856,856,0.030854538083076477,,,,,,
857,857,,,0.4003949463367462,0.895063579082489,1.1958450078964233,0.9594866633415222,0.8274650573730469
857,857,0.030932819470763206,,,,,,
858,858,,,0.3996865153312683,0.8950061202049255,1.1966793537139893,0.9595863819122314,0.8274650573730469
858,858,0.03085995838046074,,,,,,
859,859,,,0.4004364311695099,0.8952972888946533,1.1956831216812134,0.9596040844917297,0.8274650573730469
859,859,0.030778242275118828,,,,,,
860,860,,,0.3995278477668762,0.8952519297599792,1.1971265077590942,0.960027813911438,0.8274650573730469
860,860,0.030822988599538803,,,,,,
861,861,,,0.4002833068370819,0.8954364657402039,1.1958343982696533,0.9597395062446594,0.8274650573730469
861,861,0.030830301344394684,,,,,,
862,862,,,0.39968058466911316,0.8954352140426636,1.1969339847564697,0.9601491689682007,0.8274650573730469
862,862,0.030746959149837494,,,,,,
863,863,,,0.3999677002429962,0.8956401944160461,1.1963618993759155,0.9601008296012878,0.8274650573730469
863,863,0.030723853036761284,,,,,,
864,864,,,0.39962348341941833,0.8957042694091797,1.1971104145050049,0.9604800939559937,0.8274650573730469
864,864,0.03075835108757019,,,,,,
865,865,,,0.399856835603714,0.8958521485328674,1.1964918375015259,0.9603127837181091,0.8274650573730469
865,865,0.030727798119187355,,,,,,
866,866,,,0.3994098901748657,0.8959351181983948,1.1975579261779785,0.9608737230300903,0.8274650573730469
866,866,0.030669618397951126,,,,,,
867,867,,,0.39989137649536133,0.8960030674934387,1.1964248418807983,0.9604208469390869,0.8274650573730469
867,867,0.030672505497932434,,,,,,
868,868,,,0.3993293344974518,0.8961030840873718,1.1977022886276245,0.9610764980316162,0.8274650573730469
868,868,0.030683092772960663,,,,,,
869,869,,,0.39973852038383484,0.8962218165397644,1.1967302560806274,0.9607391357421875,0.8274650573730469
869,869,0.030643803998827934,,,,,,
870,870,,,0.3992474675178528,0.8963229656219482,1.1978375911712646,0.96131831407547,0.8274650573730469
870,870,0.03061181679368019,,,,,,
871,871,,,0.39960193634033203,0.8964773416519165,1.1969555616378784,0.9610428810119629,0.8274650573730469
871,871,0.03061862289905548,,,,,,
872,872,,,0.39902403950691223,0.8965333104133606,1.1983083486557007,0.961704671382904,0.8274650573730469
872,872,0.030611615628004074,,,,,,
873,873,,,0.3997202515602112,0.8966600894927979,1.1966654062271118,0.9610713720321655,0.8274650573730469
873,873,0.030578715726733208,,,,,,
874,874,,,0.39870816469192505,0.8966994881629944,1.198943018913269,0.9621118307113647,0.8274650573730469
874,874,0.030566349625587463,,,,,,
875,875,,,0.39988815784454346,0.8968871235847473,1.196363091468811,0.9611621499061584,0.8274650573730469
875,875,0.03057476133108139,,,,,,
876,876,,,0.39832043647766113,0.8968707919120789,1.199629306793213,0.962515652179718,0.8274650573730469
876,876,0.03057032823562622,,,,,,
877,877,,,0.40009111166000366,0.8971831202507019,1.1960301399230957,0.961314857006073,0.8274650573730469
877,877,0.030561139807105064,,,,,,
878,878,,,0.3977842926979065,0.8970151543617249,1.200670838356018,0.9630599021911621,0.8274650573730469
878,878,0.030585745349526405,,,,,,
879,879,,,0.4006710648536682,0.8974404335021973,1.1949113607406616,0.9611061811447144,0.8274650573730469
879,879,0.03063567355275154,,,,,,
880,880,,,0.39690646529197693,0.8971061706542969,1.2025859355926514,0.9639763832092285,0.8274650573730469
880,880,0.030720219016075134,,,,,,
881,881,,,0.401846706867218,0.8976930975914001,1.1926077604293823,0.9604214429855347,0.8274650573730469
881,881,0.030851610004901886,,,,,,
882,882,,,0.39553162455558777,0.8971288800239563,1.2057573795318604,0.9654374122619629,0.8274650573730469
882,882,0.031162520870566368,,,,,,
883,883,,,0.4039415717124939,0.897971510887146,1.18874990940094,0.9592390060424805,0.8274650573730469
883,883,0.03157640993595123,,,,,,
884,884,,,0.3936806917190552,0.8969230651855469,1.2103861570358276,0.9674710035324097,0.8274650573730469
884,884,0.03254425898194313,,,,,,
885,885,,,0.4074784815311432,0.8981102108955383,1.182784914970398,0.9573761224746704,0.8274650573730469
885,885,0.03352908417582512,,,,,,
886,886,,,0.3920031487941742,0.8963109254837036,1.215391993522644,0.9695470929145813,0.8274650573730469
886,886,0.0361294262111187,,,,,,
887,887,,,0.41111695766448975,0.8976702094078064,1.177055835723877,0.9552727937698364,0.8274650573730469
887,887,0.037200234830379486,,,,,,
888,888,,,0.3925754427909851,0.8953102827072144,1.2150168418884277,0.968738853931427,0.8274650573730469
888,888,0.040828268975019455,,,,,,
889,889,,,0.40862658619880676,0.8962216973304749,1.180487036705017,0.9547967910766602,0.8274650573730469
889,889,0.03821258991956711,,,,,,
890,890,,,0.3962486684322357,0.8950775265693665,1.205430507659912,0.9638251066207886,0.8274650573730469
890,890,0.036799993366003036,,,,,,
891,891,,,0.40018346905708313,0.8954673409461975,1.1955310106277466,0.9594834446907043,0.8274650573730469
891,891,0.03257257491350174,,,,,,
892,892,,,0.40195420384407043,0.8961552977561951,1.1925972700119019,0.9591112732887268,0.8274650573730469
892,892,0.030607305467128754,,,,,,
893,893,,,0.394631564617157,0.8949307799339294,1.2078074216842651,0.9644079208374023,0.8274650573730469
893,893,0.030985485762357712,,,,,,
894,894,,,0.4076657295227051,0.8957793116569519,1.1826497316360474,0.9553223848342896,0.8274650573730469
894,894,0.03263925760984421,,,,,,
895,895,,,0.39508283138275146,0.8933412432670593,1.20748770236969,0.9630458354949951,0.8274650573730469
895,895,0.03488092124462128,,,,,,
896,896,,,0.40572381019592285,0.8943873047828674,1.1860063076019287,0.9552267789840698,0.8274650573730469
896,896,0.03408036753535271,,,,,,
897,897,,,0.3986065089702606,0.8939923048019409,1.198829174041748,0.959554135799408,0.8274650573730469
897,897,0.03270438686013222,,,,,,
898,898,,,0.3978831470012665,0.8946903944015503,1.2006045579910278,0.9610036015510559,0.8274650573730469
898,898,0.030883828178048134,,,,,,
899,899,,0.030698716640472412,,,,,
899,899,,,0.403310090303421,0.8958446979522705,1.190010905265808,0.9578425288200378,0.8274650573730469
899,899,0.030698716640472412,,,,,,
900,900,,,0.3947565257549286,0.8942617774009705,1.2070257663726807,0.963320255279541,0.8274650573730469
900,900,0.031780093908309937,,,,,,
901,901,,,0.40653496980667114,0.895304262638092,1.1855214834213257,0.9562218189239502,0.8274650573730469
901,901,0.032529592514038086,,,,,,
902,902,,,0.3971479535102844,0.8936318755149841,1.2017245292663574,0.9604095220565796,0.8274650573730469
902,902,0.03302501514554024,,,,,,
903,903,,,0.40192174911499023,0.895145833492279,1.1940172910690308,0.9592174887657166,0.8274650573730469
903,903,0.03182242438197136,,,,,,
904,904,,,0.400276780128479,0.8958567976951599,1.1950979232788086,0.9595765471458435,0.8274650573730469
904,904,0.030784768983721733,,,,,,
905,905,,,0.39579638838768005,0.8961092233657837,1.2050573825836182,0.9641849994659424,0.8274650573730469
905,905,0.03058018535375595,,,,,,
906,906,,,0.40339118242263794,0.8970257043838501,1.1904758214950562,0.9592825770378113,0.8274650573730469
906,906,0.031100178137421608,,,,,,
907,907,,,0.3954857587814331,0.8952156901359558,1.2050541639328003,0.9631901979446411,0.8274650573730469
907,907,0.031788069754838943,,,,,,
908,908,,,0.4036315381526947,0.8963175415992737,1.1910446882247925,0.9592164158821106,0.8274650573730469
908,908,0.03172050788998604,,,,,,
909,909,,,0.3979721963405609,0.895861804485321,1.1995099782943726,0.9613078832626343,0.8274650573730469
909,909,0.03142794594168663,,,,,,
910,910,,,0.3984728753566742,0.8973149061203003,1.2002888917922974,0.9634882211685181,0.8274650573730469
910,910,0.030723251402378082,,,,,,
911,911,,,0.4001106023788452,0.8983024954795837,1.195749282836914,0.962123453617096,0.8274650573730469
911,911,0.0303904190659523,,,,,,
912,912,,,0.3951913118362427,0.897771418094635,1.2057864665985107,0.9658167958259583,0.8274650573730469
912,912,0.030567552894353867,,,,,,
913,913,,,0.40249332785606384,0.8983637690544128,1.1926891803741455,0.961495041847229,0.8274650573730469
913,913,0.03084796853363514,,,,,,
914,914,,,0.3962984085083008,0.8968979716300964,1.2031371593475342,0.9638063311576843,0.8274650573730469
914,914,0.031143905594944954,,,,,,
915,915,,,0.4012332856655121,0.8980952501296997,1.1954578161239624,0.9624468088150024,0.8274650573730469
915,915,0.03101471997797489,,,,,,
916,916,,,0.39779552817344666,0.8982537388801575,1.1999335289001465,0.9636367559432983,0.8274650573730469
916,916,0.030673347413539886,,,,,,
917,917,,,0.39696207642555237,0.8991397023200989,1.2025889158248901,0.9658299684524536,0.8274650573730469
917,917,0.030276117846369743,,,,,,
918,918,,,0.39953404664993286,0.8997548222541809,1.197330117225647,0.9641980528831482,0.8274650573730469
918,918,0.030161255970597267,,,,,,
919,919,,,0.3954679071903229,0.8987899422645569,1.2046470642089844,0.9660701155662537,0.8274650573730469
919,919,0.030279291793704033,,,,,,
920,920,,,0.4012943506240845,0.8994871973991394,1.1951419115066528,0.9635014533996582,0.8274650573730469
920,920,0.030456872656941414,,,,,,
921,921,,,0.39608797430992126,0.8985614776611328,1.2030600309371948,0.9651016592979431,0.8274650573730469
921,921,0.030652208253741264,,,,,,
922,922,,,0.39953792095184326,0.8999300003051758,1.1982953548431396,0.9650572538375854,0.8274650573730469
922,922,0.03054836206138134,,,,,,
923,923,,,0.39670631289482117,0.8999656438827515,1.2018723487854004,0.965884804725647,0.8274650573730469
923,923,0.030287500470876694,,,,,,
924,924,,,0.3967685103416443,0.9003733396530151,1.202570915222168,0.9667976498603821,0.8274650573730469
924,924,0.03004130721092224,,,,,,
925,925,,,0.3985646963119507,0.9004392027854919,1.1992093324661255,0.9655551910400391,0.8274650573730469
925,925,0.029929565265774727,,,,,,
926,926,,,0.3960117995738983,0.8996561765670776,1.2033865451812744,0.9662700295448303,0.8274650573730469
926,926,0.02996089495718479,,,,,,
927,927,,,0.39989137649536133,0.900459349155426,1.1975650787353516,0.9652276039123535,0.8274650573730469
927,927,0.030104059725999832,,,,,,
928,928,,,0.3956363797187805,0.9000313878059387,1.2037839889526367,0.9666576385498047,0.8274650573730469
928,928,0.030234375968575478,,,,,,
929,929,,,0.3986489176750183,0.9012969732284546,1.1996878385543823,0.9667247533798218,0.8274650573730469
929,929,0.03019711561501026,,,,,,
930,930,,,0.39580076932907104,0.9009843468666077,1.203597068786621,0.96747887134552,0.8274650573730469
930,930,0.03008018247783184,,,,,,
931,931,,,0.3973536789417267,0.9012543559074402,1.2014656066894531,0.9671541452407837,0.8274650573730469
931,931,0.029919957742094994,,,,,,
932,932,,,0.3973189890384674,0.9009972810745239,1.2014168500900269,0.966866135597229,0.8274650573730469
932,932,0.02979148179292679,,,,,,
933,933,,,0.39657458662986755,0.9008054137229919,1.202420711517334,0.9669522047042847,0.8274650573730469
933,933,0.029758354648947716,,,,,,
934,934,,,0.3981096148490906,0.901476263999939,1.2004469633102417,0.9670934081077576,0.8274650573730469
934,934,0.02980465069413185,,,,,,
935,935,,,0.39548420906066895,0.9013837575912476,1.2042142152786255,0.968086302280426,0.8274650573730469
935,935,0.02986210584640503,,,,,,
936,936,,,0.3978871703147888,0.9022036790847778,1.2008230686187744,0.9678773880004883,0.8274650573730469
936,936,0.029893908649683,,,,,,
937,937,,,0.3953881859779358,0.9017248153686523,1.204619288444519,0.9686267375946045,0.8274650573730469
937,937,0.029888061806559563,,,,,,
938,938,,,0.397836834192276,0.9020199179649353,1.200594186782837,0.9675142168998718,0.8274650573730469
938,938,0.029828159138560295,,,,,,
939,939,,,0.3961070775985718,0.9017801880836487,1.203800082206726,0.9685341119766235,0.8274650573730469
939,939,0.029764648526906967,,,,,,
940,940,,,0.3971047103404999,0.9020532369613647,1.2014704942703247,0.9677157402038574,0.8274650573730469
940,940,0.029711224138736725,,,,,,
941,941,,,0.3964115381240845,0.9024961590766907,1.2036268711090088,0.9692432284355164,0.8274650573730469
941,941,0.029673796147108078,,,,,,
942,942,,,0.3959709405899048,0.9024369120597839,1.2031762599945068,0.9685824513435364,0.8274650573730469
942,942,0.029657384380698204,,,,,,
943,943,,,0.39692169427871704,0.9029613137245178,1.2029780149459839,0.969511866569519,0.8274650573730469
943,943,0.029656341299414635,,,,,,
944,944,,,0.3955132067203522,0.9023412466049194,1.2038626670837402,0.9687070250511169,0.8274650573730469
944,944,0.02965620718896389,,,,,,
945,945,,,0.39755862951278687,0.9031273126602173,1.202078104019165,0.9694103598594666,0.8274650573730469
945,945,0.02965860813856125,,,,,,
946,946,,,0.3950456380844116,0.9024810791015625,1.2045460939407349,0.9690351486206055,0.8274650573730469
946,946,0.029673464596271515,,,,,,
947,947,,,0.3975661098957062,0.9037662148475647,1.202384352684021,0.9702120423316956,0.8274650573730469
947,947,0.029691586270928383,,,,,,
948,948,,,0.3944815993309021,0.9028268456459045,1.2051482200622559,0.9694284796714783,0.8274650573730469
948,948,0.02974247932434082,,,,,,
949,949,,0.029819319024682045,,,,,
949,949,,,0.39773568511009216,0.9043329358100891,1.202919363975525,0.971219003200531,0.8274650573730469
949,949,0.029819319024682045,,,,,,
950,950,,,0.39436158537864685,0.9026559591293335,1.2044708728790283,0.9687052369117737,0.8274650573730469
950,950,0.029988428577780724,,,,,,
951,951,,,0.3983670771121979,0.9049934148788452,1.2036610841751099,0.9727555513381958,0.8274650573730469
951,951,0.030239548534154892,,,,,,
952,952,,,0.39412763714790344,0.902512788772583,1.2032780647277832,0.9675597548484802,0.8274650573730469
952,952,0.030814092606306076,,,,,,
953,953,,,0.39927712082862854,0.9066455960273743,1.2055613994598389,0.9762104749679565,0.8274650573730469
953,953,0.03158625215291977,,,,,,
954,954,,,0.3941003680229187,0.9024713039398193,1.2011361122131348,0.9659461379051208,0.8274650573730469
954,954,0.03345230221748352,,,,,,
955,955,,,0.401224821805954,0.9090621471405029,1.207912564277649,0.9813570976257324,0.8274650573730469
955,955,0.03532632440328598,,,,,,
956,956,,,0.3957901895046234,0.9020654559135437,1.1965677738189697,0.9633337259292603,0.8274650573730469
956,956,0.040207818150520325,,,,,,
957,957,,,0.4021576941013336,0.9097575545310974,1.2095025777816772,0.9837490916252136,0.8274650573730469
957,957,0.04161011055111885,,,,,,
958,958,,,0.39867404103279114,0.9014561772346497,1.1932361125946045,0.9622097015380859,0.8274650573730469
958,958,0.04612267017364502,,,,,,
959,959,,,0.3973994553089142,0.9045048952102661,1.2082200050354004,0.9750290513038635,0.8274650573730469
959,959,0.04073529690504074,,,,,,
960,960,,,0.4002476930618286,0.9027753472328186,1.1974576711654663,0.9674540758132935,0.8274650573730469
960,960,0.03609469532966614,,,,,,
961,961,,,0.3929060101509094,0.9010643362998962,1.2054580450057983,0.9670814275741577,0.8274650573730469
961,961,0.03216158598661423,,,,,,
962,962,,,0.4022728204727173,0.9059807062149048,1.2027149200439453,0.9754568338394165,0.8274650573730469
962,962,0.03202905133366585,,,,,,
963,963,,,0.39369848370552063,0.8998339176177979,1.201158881187439,0.9633462429046631,0.8274650573730469
963,963,0.034728147089481354,,,,,,
964,964,,,0.40067681670188904,0.9041306376457214,1.2036212682724,0.9734269380569458,0.8274650573730469
964,964,0.03457516431808472,,,,,,
965,965,,,0.397472620010376,0.9007564783096313,1.199294090270996,0.9652054309844971,0.8274650573730469
965,965,0.034260306507349014,,,,,,
966,966,,,0.39436137676239014,0.9014010429382324,1.2050596475601196,0.9680089950561523,0.8274650573730469
966,966,0.031944550573825836,,,,,,
967,967,,,0.4006286859512329,0.9050637483596802,1.2021750211715698,0.9731820821762085,0.8274650573730469
967,967,0.031514447182416916,,,,,,
968,968,,,0.39157453179359436,0.9010825157165527,1.2061327695846558,0.9667547941207886,0.8274650573730469
968,968,0.03278099372982979,,,,,,
969,969,,,0.4010786712169647,0.9048658609390259,1.2018052339553833,0.9730234146118164,0.8274650573730469
969,969,0.03281961381435394,,,,,,
970,970,,,0.39473262429237366,0.9009151458740234,1.2036906480789185,0.9668095707893372,0.8274650573730469
970,970,0.0321631133556366,,,,,,
971,971,,,0.39706435799598694,0.9020273685455322,1.2014461755752563,0.9676492214202881,0.8274650573730469
971,971,0.030333805829286575,,,,,,
972,972,,,0.3986887037754059,0.9044008851051331,1.2039223909378052,0.972618043422699,0.8274650573730469
972,972,0.03013777732849121,,,,,,
973,973,,,0.39285892248153687,0.9027837514877319,1.2054654359817505,0.968599259853363,0.8274650573730469
973,973,0.031214335933327675,,,,,,
974,974,,,0.39904123544692993,0.906385064125061,1.2038217782974243,0.9745561480522156,0.8274650573730469
974,974,0.03171702101826668,,,,,,
975,975,,,0.39302894473075867,0.9036604166030884,1.207322359085083,0.9708499312400818,0.8274650573730469
975,975,0.03118024207651615,,,,,,
976,976,,,0.3969704806804657,0.9043989181518555,1.201836347579956,0.9700034856796265,0.8274650573730469
976,976,0.029778452590107918,,,,,,
977,977,,,0.395871102809906,0.9051924347877502,1.2074545621871948,0.9741179943084717,0.8274650573730469
977,977,0.02947375737130642,,,,,,
978,978,,,0.39448603987693787,0.9041367769241333,1.203325629234314,0.9692792296409607,0.8274650573730469
978,978,0.03020254708826542,,,,,,
979,979,,,0.39608949422836304,0.9066056609153748,1.2077839374542236,0.9757702350616455,0.8274650573730469
979,979,0.030741838738322258,,,,,,
980,980,,,0.393900603055954,0.9052905440330505,1.2060236930847168,0.9719159603118896,0.8274650573730469
980,980,0.030490314587950706,,,,,,
981,981,,,0.3949257731437683,0.9057303667068481,1.2059884071350098,0.9729329943656921,0.8274650573730469
981,981,0.02959842048585415,,,,,,
982,982,,,0.3957701623439789,0.9062886238098145,1.206756353378296,0.9745310544967651,0.8274650573730469
982,982,0.02913314290344715,,,,,,
983,983,,,0.3946419060230255,0.905129075050354,1.204206109046936,0.9709119200706482,0.8274650573730469
983,983,0.029424255713820457,,,,,,
984,984,,,0.3957458734512329,0.9069505333900452,1.2077751159667969,0.9758570790290833,0.8274650573730469
984,984,0.029875466600060463,,,,,,
985,985,,,0.39491507411003113,0.9062349796295166,1.2048275470733643,0.9725337028503418,0.8274650573730469
985,985,0.029909586533904076,,,,,,
986,986,,,0.3936314880847931,0.9065357446670532,1.2085020542144775,0.9746796488761902,0.8274650573730469
986,986,0.02950454130768776,,,,,,
987,987,,,0.39617615938186646,0.9073173403739929,1.2053427696228027,0.9746835231781006,0.8274650573730469
987,987,0.029213158413767815,,,,,,
988,988,,,0.3928552269935608,0.905836284160614,1.2078437805175781,0.9730794429779053,0.8274650573730469
988,988,0.029268348589539528,,,,,,
989,989,,,0.39639541506767273,0.9074204564094543,1.2056139707565308,0.975113570690155,0.8274650573730469
989,989,0.029428629204630852,,,,,,
990,990,,,0.39338672161102295,0.9065159559249878,1.2076643705368042,0.9738949537277222,0.8274650573730469
990,990,0.029449041932821274,,,,,,
991,991,,,0.39449259638786316,0.9072997570037842,1.2067865133285522,0.9746572375297546,0.8274650573730469
991,991,0.029244592413306236,,,,,,
992,992,,,0.394450843334198,0.9079737067222595,1.2079393863677979,0.9760818481445312,0.8274650573730469
992,992,0.029102109372615814,,,,,,
993,993,,,0.39332064986228943,0.9070711135864258,1.2072489261627197,0.9740503430366516,0.8274650573730469
993,993,0.02913508377969265,,,,,,
994,994,,,0.39513665437698364,0.908197820186615,1.2075316905975342,0.9764192700386047,0.8274650573730469
994,994,0.029212892055511475,,,,,,
995,995,,,0.39374038577079773,0.9071946144104004,1.207055687904358,0.9742847681045532,0.8274650573730469
995,995,0.02920103445649147,,,,,,
996,996,,,0.3942049741744995,0.9078107476234436,1.2077094316482544,0.9756114482879639,0.8274650573730469
996,996,0.029057007282972336,,,,,,
997,997,,,0.39439070224761963,0.9082732200622559,1.207642674446106,0.9760973453521729,0.8274650573730469
997,997,0.02894369140267372,,,,,,
998,998,,,0.39302557706832886,0.9078161716461182,1.2083324193954468,0.9753293395042419,0.8274650573730469
998,998,0.028957583010196686,,,,,,
999,999,,0.029039103537797928,,,,,
999,999,,,0.3946675658226013,0.9088958501815796,1.208024263381958,0.9771137833595276,0.8274650573730469
999,999,0.029039103537797928,,,,,,
1000,1000,,,0.3946675658226013,0.9088958501815796,1.208024263381958,0.9771137833595276,0.8274650573730469
